{"mAP": [0.18309305206542908], "mINP": [0.0052613598441665285], "rank-1": [0.9192399049881235], "rank-2": [0.9429928741092637], "rank-5": [0.9655581947743468], "rank-10": [0.9765439429928741], "rank-15": [0.9809976247030879], "rank-20": [0.9833729216152018]}