{"mAP": [0.2679338837569615], "mINP": [0.012855454949140784], "rank-1": [0.8191823899371069], "rank-2": [0.847877358490566], "rank-5": [0.8805031446540881], "rank-10": [0.9115566037735849], "rank-15": [0.9209905660377359], "rank-20": [0.9280660377358491]}