{"mAP": [0.6922984972000122], "mINP": [0.23099194284280142], "rank-1": [0.932], "rank-2": [0.9516666666666667], "rank-5": [0.97], "rank-10": [0.978], "rank-15": [0.982], "rank-20": [0.9843333333333333]}