{"mAP": [0.6780006696383158], "mINP": [0.22922898026804128], "rank-1": [0.9286666666666666], "rank-2": [0.9463333333333334], "rank-5": [0.9623333333333334], "rank-10": [0.9756666666666667], "rank-15": [0.9823333333333333], "rank-20": [0.9856666666666667]}