{"mAP": [0.2631387368500608], "mINP": [0.011834258483810667], "rank-1": [0.8144654088050315], "rank-2": [0.8459119496855346], "rank-5": [0.8808962264150944], "rank-10": [0.907625786163522], "rank-15": [0.9178459119496856], "rank-20": [0.925314465408805]}