{"mAP": [0.17393071335384228], "mINP": [0.004254453424242659], "rank-1": [0.9165676959619953], "rank-2": [0.9406175771971497], "rank-5": [0.963479809976247], "rank-10": [0.9738717339667459], "rank-15": [0.9795130641330166], "rank-20": [0.9836698337292161]}