{"total-loss": [4.16570959423785, 0.887462940784688, 0.4715738858423821, 0.32070183759581794, 0.2459550024671133, 0.19835607778572617, 0.16813993931468638, 0.14509583992400357, 0.13065733926404935, 0.11514145295047959, 0.10897732904807572, 0.09823752462636394, 0.09471057245755389, 0.0897519308869541, 0.0837209829871543, 0.08506490600236671, 0.07553670358084309, 0.075249722962704, 0.06730917084392424, 0.07117675371169746, 0.06520297533025331, 0.061623094554719544, 0.06306431091134704, 0.06204646197582476, 0.05771566383644422, 0.05839738065007589, 0.05785057481346761, 0.05742065348271386, 0.058882261636674434, 0.055359691025206284, 0.03199573466638776, 0.021255817632752062, 0.017349164531586716, 0.01544960569373258, 0.014874365874193544, 0.017643241970006357, 0.013628306447787676, 0.013948865116420493, 0.01412275482267017, 0.012819810850768677, 0.013119807869483963, 0.014228996841668185, 0.01255707683055303, 0.013916005911186491, 0.013884950681326494, 0.011955883824099619, 0.011757715905279688, 0.010812025071720402, 0.011712250366059395, 0.01282629740392736, 0.011259705262915188, 0.012098463378033109, 0.012096934384980614, 0.012208843556148282, 0.01337745963652258, 0.01303121963867749, 0.011402559041344199, 0.011198673635679668, 0.010938817557870772, 0.01140533308178152, 0.010405792779797512, 0.011606894589240491, 0.011578284439216633, 0.010494789074310383, 0.01209547491565942, 0.011885708829972912, 0.011553840604800653, 0.011632277046168697, 0.011359839230310049, 0.009756908144036408, 0.010640800086479841, 0.010989708698078368, 0.011190093732436061, 0.010205152032766424, 0.00971824263893621, 0.010541836651479399, 0.010579064575981564, 0.010173676601749256, 0.011526830530157203, 0.009849060575258771, 0.009548323928328602, 0.010372347014677423, 0.010522897765467915, 0.010651398185056482, 0.009964169274734314, 0.008829187491699877, 0.013280774935399347, 0.011137244980973404, 0.011101615310567053, 0.008950458290261247, 0.009959085739294169, 0.010618491561367988, 0.009850419776892593, 0.009672030712709194, 0.010177169187396118, 0.00938596792735057, 0.010464202848782526, 0.011459568290616767, 0.00983892672040872], "id-loss": [3.977084968786823, 0.8478976423529765, 0.44141487778928706, 0.2938508266025745, 0.22149886824989046, 0.17457149964166885, 0.14492625438338252, 0.12430334490181677, 0.11059895775254186, 0.0953115094922789, 0.08924126293715334, 0.07810121254046545, 0.07548980162985813, 0.0706534146497991, 0.06509547020149171, 0.06484314382993851, 0.05693744438325556, 0.05652122555846534, 0.05019318871203335, 0.05326841339882576, 0.04772188032730494, 0.0450279869672975, 0.045182105415984594, 0.04396636302050694, 0.04083795519651728, 0.041681381159373254, 0.03931982414008128, 0.0391298540849823, 0.04027185602686161, 0.037825038157056845, 0.014844218062525416, 0.004870883415535405, 0.004130315916731539, 0.0026106553187161957, 0.0027682801282202497, 0.0034603424660662827, 0.0016966863940346061, 0.0015266604557314012, 0.0013672513841932311, 0.0014559262477886067, 0.0014343511237775428, 0.0020454673104021914, 0.0011697716471071842, 0.002387113336556972, 0.00172427772195105, 0.0008619824014546977, 0.0009720480545660522, 0.000977038261968649, 0.000992573109291188, 0.0014462304544260664, 0.0007448265945627611, 0.0013265179027403759, 0.0011646807349994686, 0.0017349458031888033, 0.0020355895492270085, 0.0019231310272666772, 0.000625311507051642, 0.0007173475652355007, 0.0007513514383274446, 0.0012759871403591283, 0.0006680679720712494, 0.0006485740426039549, 0.0026946654346260016, 0.001565754583732838, 0.0018300774667869579, 0.001461452293134609, 0.0007889363321294144, 0.001930129388864363, 0.0012554376832039913, 0.00031418283062047836, 0.0004520151260465901, 0.0013772365600646047, 0.0011222509864143638, 0.0005096568943333312, 0.0009596261843603534, 0.0010751474748988742, 0.001191637415069279, 0.0006299221612468503, 0.0020153303806798696, 0.0003010984642849526, 0.0007022225990057991, 0.0008672497024959397, 0.000279568578459853, 0.00024978431425046204, 0.00048759443900547514, 0.00035380932521379785, 0.0030278344980049876, 0.0018035668597148281, 0.0012933484823931056, 0.00020497740478911413, 0.00048052590738365295, 0.0011328544689553815, 0.0005368593807674383, 0.0009151053583803677, 0.0008025963875960795, 0.0003045714310324623, 0.0008588752032662974, 0.00200482005232738, 0.00029296335098460914], "triplet-loss": [0.15118481053079363, 0.026847320795059203, 0.0184974975479957, 0.01574998470434325, 0.014461666670678393, 0.014334005876567595, 0.014284865689683532, 0.011901424391122363, 0.011757882144231664, 0.01140094798664277, 0.011401955866046993, 0.011535224710294006, 0.010927786393394085, 0.01077224124237087, 0.01075724739708185, 0.01158934418220087, 0.010465817061378556, 0.010597789914242707, 0.009378714540980352, 0.010046096399783487, 0.00976320163054394, 0.00886882927179487, 0.010269430837820637, 0.010244376924532509, 0.008981326089944093, 0.008922829139803879, 0.010271211256934294, 0.01049806301354009, 0.010844349852689127, 0.009766061994873109, 0.009229380162937794, 0.008936688156439106, 0.006802317448439544, 0.006790471119244793, 0.006561258385453518, 0.00824848090922096, 0.006647642909503374, 0.007234295041383741, 0.007687217127743164, 0.006539352091609454, 0.007238556456858994, 0.007430274168224383, 0.006910926484107069, 0.0071311860337083, 0.0077185398383444225, 0.0066875828723663945, 0.006571901301192155, 0.005818152759332224, 0.0066210728566177554, 0.007255827685322467, 0.006439081630182146, 0.006665291745229747, 0.0069498100326235625, 0.0066080209210721726, 0.007279696109766918, 0.00711743435053176, 0.007015117154483687, 0.006599736389378732, 0.00650552574446493, 0.0063561905076795384, 0.0058398205735268535, 0.00709753157606191, 0.005288904668554232, 0.005298096366217277, 0.006588252486301701, 0.006707442918273269, 0.006861389840836784, 0.0060161996552953205, 0.006415654623981983, 0.005767987038080509, 0.006276895265561184, 0.005934968611406348, 0.006364811361211847, 0.005883702293771212, 0.005261507351303762, 0.005861758959361012, 0.005797335423745243, 0.005876373526878646, 0.005893882669386317, 0.005976265605919599, 0.005369176004377921, 0.005886982810715258, 0.006503204980684259, 0.006681126056410476, 0.005745826115711941, 0.005024862456667468, 0.006645734339463906, 0.005755554740921997, 0.006212072891816215, 0.005325895359958105, 0.006038385812864929, 0.0059278026110437445, 0.0057373687352463695, 0.005278717823242029, 0.005932286234213154, 0.00543008007362842, 0.005923139349960289, 0.005845720856479859, 0.005969615159427083],