{"mAP": [0.40974411630780444], "mINP": [0.036620529807822884], "rank-1": [0.8643867924528302], "rank-2": [0.8934748427672956], "rank-5": [0.9194182389937107], "rank-10": [0.9339622641509434], "rank-15": [0.9430031446540881], "rank-20": [0.949685534591195]}