{"mAP": [0.42603634293874104], "mINP": [0.08009908452133338], "rank-1": [0.7906666666666666], "rank-2": [0.831], "rank-5": [0.87], "rank-10": [0.8946666666666667], "rank-15": [0.906], "rank-20": [0.916]}