{"mAP": [0.43446685495616505], "mINP": [0.047518182171028364], "rank-1": [0.8687106918238994], "rank-2": [0.9005503144654088], "rank-5": [0.9233490566037735], "rank-10": [0.9394654088050315], "rank-15": [0.9465408805031447], "rank-20": [0.9520440251572327]}