{"mAP": [0.4106745283206304], "mINP": [0.07150666066010793], "rank-1": [0.7903333333333333], "rank-2": [0.8313333333333334], "rank-5": [0.87], "rank-10": [0.8993333333333333], "rank-15": [0.9143333333333333], "rank-20": [0.926]}