{"mAP": [0.340857794548157], "mINP": [0.02871420117639306], "rank-1": [0.9397268408551069], "rank-2": [0.9596199524940617], "rank-5": [0.9744655581947743], "rank-10": [0.9848574821852731], "rank-15": [0.9869358669833729], "rank-20": [0.9881235154394299]}