{"mAP": [0.3764701056650302], "mINP": [0.04046433647727315], "rank-1": [0.9468527315914489], "rank-2": [0.9679334916864608], "rank-5": [0.9801068883610451], "rank-10": [0.9872327790973872], "rank-15": [0.9902019002375297], "rank-20": [0.9919833729216152]}