{"total-loss": [7.724773342146714, 6.690934477689387, 5.80453017969214, 4.4215623961096195, 3.146527692472979, 2.129987456521528, 1.4806168704893445, 1.0670664805195977, 0.8100370913421636, 0.6246106907062242, 0.5150607749152059, 0.43899882365621357, 0.416471625955681, 0.36867129879028565, 0.3365746795214777, 0.27216778208653597, 0.29093173185878, 0.2660552048398071, 0.25790127134137664, 0.22035446100215086, 0.2133148976584968, 0.2521395952721332, 0.20206779830128402, 0.16831000543025937, 0.1859806711089, 0.1906030974372095, 0.19029517750354263, 0.1627339561035112, 0.17163970742860285, 0.1875218501015586, 0.10728310654881659, 0.07160209564213359, 0.05820123983338805, 0.06088892156817194, 0.04976884706078376, 0.05302153272124162, 0.05888437882595324, 0.0539819716899407, 0.042831359814069436, 0.04371374396154921, 0.03954144218154382, 0.04215074187062936, 0.0465104665917952, 0.03944312500057054, 0.04056018550586734, 0.03710941043677866, 0.03528874901712782, 0.04053776915955873, 0.043525581008020876], "id-loss": [6.903998202829632, 6.2283180411283405, 5.5668846438046, 4.287728391854813, 3.037992030197964, 2.024653651953038, 1.3892668587315657, 0.9859083644649744, 0.7441854202712348, 0.5606908651324374, 0.4603936242743203, 0.3658427126309633, 0.34757069683644104, 0.3030563366492319, 0.2636031663771696, 0.2217067629565129, 0.22752750170479294, 0.2141844805498977, 0.19471363116500953, 0.1622070126157401, 0.16358580214246068, 0.17906707839916428, 0.14803513870973678, 0.11412431834792193, 0.1323639728596568, 0.13416192964947846, 0.13095741983645492, 0.11361959224103242, 0.11418875247191752, 0.12717918164847355, 0.059565232282773994, 0.025119103497836904, 0.013348845747124007, 0.010875691453570096, 0.009234756172970756, 0.007976616611082907, 0.006312434901326708, 0.005636087192958029, 0.0048507751083498776, 0.00536311547036595, 0.0054811294206734765, 0.003934708652525795, 0.003774173430866957, 0.0036530514736662608, 0.0036318512913375567, 0.0027166937427775093, 0.0025277814024053267, 0.0032100173744033494, 0.0027837417481186857], "triplet-loss": [0.647970414500596, 0.4256153941725476, 0.21925828863759567, 0.11946266810369432, 0.0935483693763411, 0.08840195061949777, 0.07267707565106332, 0.06388243191100758, 0.0498999465989094, 0.04748947254401644, 0.03951000043724023, 0.05632757695739437, 0.05134803838613449, 0.047889488423415845, 0.05457062446437454, 0.035349627452521445, 0.0481148033100094, 0.038511192888868756, 0.04787150631360571, 0.04281179256028091, 0.03522713615919368, 0.054992463775854025, 0.0391769211080814, 0.03920121731326371, 0.038022107537950954, 0.041602756086695475, 0.044312700573976606, 0.03609849659009976, 0.04233465972730639, 0.044065801309345676, 0.033219736571365, 0.03183994132781353, 0.0310729831843942, 0.03673211423443039, 0.029368698191731175, 0.031481645467181144, 0.03827305726605676, 0.035455236374889815, 0.02695202031742657, 0.02727747198346224, 0.02353243437700425, 0.02739216133086437, 0.03305753054297604, 0.025430757363588172, 0.02689401852369898, 0.02420861045605467, 0.023225216869591784, 0.028004462983832225, 0.030943094790718613], "center-loss": [0.17280472333805477, 0.03700104706583381, 0.018387247718483837, 0.014371336198311727, 0.014987292719086257, 0.016931853398717524, 0.018672937221079145, 0.017275683947911367, 0.015951724299339047, 0.01643035436056011, 0.015157150277322243, 0.016828533436997122, 0.01755289064446287, 0.017725473974355956, 0.01840088860683226, 0.015111391889610602, 0.015289426750154666, 0.013359531291676467, 0.015316134063142486, 0.015335655555921078, 0.014501959288076063, 0.0180800529507683, 0.014855738494393263, 0.014984469572991611, 0.015594590710860542, 0.014838411381792815, 0.015025056801892919, 0.013015867472247523, 0.01511629478147136, 0.016276867638891204, 0.01449813787930165, 0.014643050951259244, 0.013779410654943718, 0.013281115882181562, 0.011165392593157158, 0.01356327092926604, 0.014298886797484126, 0.012890647815906516, 0.011028564445287615, 0.011073156710074033, 0.010527878486273904, 0.010823871873604647, 0.009678762864289236, 0.010359316134113906, 0.010034315838341513, 0.010184106374405812, 0.009535750830074028, 0.00932328888342908, 0.009798744744051372], "mAP": [0.015510774348063876, 0.06713138340204741, 0.13089755340313403, 0.1985499029204851, 0.22521525409046092, 0.21804443688403966, 0.27148666900014085, 0.2763359165814597, 0.28982378269884196, 0.3031813633979924, 0.30015939828052657, 0.3000751493096068, 0.3043103155783973, 0.3042488403954585, 0.3008459418516544, 0.3312426949906519, 0.3352821954921985, 0.34104345048691487, 0.34616979949547955, 0.3459781377162616, 0.34546341012605863, 0.34413845734471665, 0.3506324473865808, 0.35019287360818824, 0.3509430241131726], "mINP": [0.0016238474416504492, 0.0044992141372517565, 0.0030877365500637443, 0.008467003621267169, 0.016115074627756222, 0.00870139638046046, 0.021577095484577844, 0.02078596085770113, 0.021734610182230944, 0.025276413297992986, 0.022841870855548885, 0.022904991059433537, 0.024912915159361945, 0.024509789674341538, 0.023712112543985, 0.02984382913861592, 0.030359213769152724, 0.03129274499848166, 0.03247971133707255, 0.032032794312456724, 0.031973525775583225, 0.03215222819896322, 0.03340722995670844, 0.0329727091054452, 0.03322181417086911], "rank-1": [0.09382422802850356, 0.41538004750593827, 0.6968527315914489, 0.8414489311163895, 0.8637173396674585, 0.8847980997624703, 0.9112232779097387, 0.9109263657957245, 0.917458432304038, 0.918646080760095, 0.915083135391924, 0.9337885985748219, 0.9367577197149644, 0.9284441805225653, 0.9248812351543944, 0.9403206650831354, 0.9432897862232779, 0.9441805225653207, 0.9462589073634204, 0.9432897862232779, 0.9465558194774347, 0.9459619952494062, 0.9432897862232779, 0.9447743467933492, 0.9441805225653207], "rank-2": [0.12737529691211402, 0.49406175771971494, 0.7517814726840855, 0.8806413301662708, 0.8960807600950119, 0.9097387173396675, 0.9352731591448931, 0.9370546318289786, 0.9415083135391924, 0.9421021377672208, 0.9382422802850356, 0.953978622327791, 0.9548693586698337, 0.956353919239905, 0.9492280285035629, 0.9614014251781473, 0.9640736342042755, 0.9658551068883611, 0.9661520190023754, 0.9649643705463183, 0.9670427553444181, 0.9682304038004751, 0.9649643705463183, 0.9646674584323041, 0.9652612826603325], "rank-5": [0.17874109263657958, 0.5964964370546318, 0.8132422802850356, 0.918646080760095, 0.9269596199524941, 0.9397268408551069, 0.9593230403800475, 0.9605106888361045, 0.9637767220902613, 0.96229216152019, 0.9614014251781473, 0.9700118764845606, 0.9750593824228029, 0.9744655581947743, 0.9685273159144893, 0.9807007125890737, 0.9789192399049881, 0.9786223277909739, 0.9801068883610451, 0.9804038004750594, 0.9795130641330166, 0.9824821852731591, 0.9812945368171021, 0.9783254156769596, 0.9818883610451307], "rank-10": [0.2339667458432304, 0.6745843230403801, 0.8473871733966746, 0.9388361045130641, 0.9471496437054632, 0.9602137767220903, 0.9726840855106889, 0.9720902612826603, 0.9759501187648456, 0.975356294536817, 0.9703087885985748, 0.9801068883610451, 0.9824821852731591, 0.9833729216152018, 0.9809976247030879, 0.9860451306413301, 0.9857482185273159, 0.9869358669833729, 0.9875296912114014, 0.9863420427553444, 0.9866389548693587, 0.9866389548693587, 0.9875296912114014, 0.9869358669833729, 0.9878266033254157], "rank-15": [0.27315914489311166, 0.71229216152019, 0.8669833729216152, 0.9501187648456056, 0.9536817102137767, 0.9679334916864608, 0.9768408551068883, 0.9798099762470309, 0.982185273159145, 0.9804038004750594, 0.9741686460807601, 0.9845605700712589, 0.9860451306413301, 0.9857482185273159, 0.9839667458432304, 0.9896080760095012, 0.9896080760095012, 0.9890142517814727, 0.9904988123515439, 0.9904988123515439, 0.9907957244655582, 0.9902019002375297, 0.9907957244655582, 0.9919833729216152, 0.9916864608076009],