{"total-loss": [7.686476906091527, 6.561117077345312, 6.274450912758505, 5.127301977060928, 4.2718571729506785, 3.297362731472671, 2.5745638771021766, 1.796227629606155, 1.2905502062203416, 0.9831395778063643, 0.7549344178920033, 0.6147033002881428, 0.47511144411348366, 0.43841922145258583, 0.36583511310552413, 0.3705128790334106, 0.3176461456214597, 0.3002062700726253, 0.2612318484087006, 0.2543385251513993, 0.25033570122384874, 0.24124557874194255, 0.1951378209541085, 0.22536422812253767, 0.2084444563315516, 0.17937297558530485, 0.18702047834458774, 0.16999791410808984, 0.16873809412942975, 0.16714401767732764, 0.1053190825635984, 0.06363515553664807, 0.06377273751985547, 0.04421600503701034, 0.044826836650930464, 0.04786274705155689, 0.046905657376453865, 0.050996177182337364, 0.04882511826938914, 0.034223545413352596, 0.03380221337394619, 0.033604582007719604, 0.031644072728066096, 0.04446431940179786, 0.04280517782982322, 0.03806780020643976, 0.042821666754770844, 0.03193591838159027, 0.04081014619872027], "id-loss": [6.884440056620481, 6.268075131957405, 5.851856725030246, 4.975568519681876, 4.1364330700213, 3.1880046115964835, 2.4689257047674418, 1.7201860270040439, 1.2265626579633602, 0.9215472235594161, 0.690957760716914, 0.5472868108783465, 0.42322544086544933, 0.38667036255888354, 0.31320581519320073, 0.3059277696608668, 0.2569226170838229, 0.24405587604528406, 0.20365069859574247, 0.19384407753213187, 0.1918798634586801, 0.19186901843822268, 0.15369936096569325, 0.18379262363871923, 0.1615496875634198, 0.1266086214534417, 0.13982524617772757, 0.12162459302975362, 0.11810268307605948, 0.11769484135348571, 0.05778115362187232, 0.02164777598184654, 0.014190337578396989, 0.012266380119453362, 0.008562431816653995, 0.008204559437109614, 0.008165856302531515, 0.006473479986012575, 0.006558586839631088, 0.005218537243530426, 0.004619758167524445, 0.004084440655222855, 0.0035296883095534653, 0.004197568693114183, 0.003545024300498124, 0.0036321934237954125, 0.0033846594173392677, 0.0034877290995344408, 0.002302278017496357], "triplet-loss": [0.6753421551853013, 0.27504633368903536, 0.3841325876628807, 0.14449068782356084, 0.12734171908408662, 0.09914057784712653, 0.0919407581535199, 0.06350003275905168, 0.05243256485506395, 0.049556209255649956, 0.05147884490500274, 0.05555871005627074, 0.040044785862873744, 0.0402474551564094, 0.04112256152557649, 0.049812595236802426, 0.04655242979305489, 0.04208776614500949, 0.044827651034474225, 0.04694705442680859, 0.04504287689555855, 0.036399789486075806, 0.02974918549155128, 0.029840901033545305, 0.03358278392235045, 0.03878234545107383, 0.03458422845130503, 0.034997739883229524, 0.03744458859355842, 0.03698794500457931, 0.035600449636633814, 0.030261019039876085, 0.03660154441194275, 0.021890643712395644, 0.025846183668403012, 0.028892284583839113, 0.027539457006861164, 0.03237504303013291, 0.031069260528046358, 0.0198752535012066, 0.01967405125369837, 0.020449470788498302, 0.01917653238891229, 0.02997098807867142, 0.029167831570315272, 0.02526313792200407, 0.03041310902173793, 0.021473578666653417, 0.02956473818152443], "center-loss": [0.12669469274451903, 0.017995612944904555, 0.03846160055377621, 0.0072427722642702435, 0.008082383593178281, 0.010217538864981517, 0.013697413815132472, 0.012541569943214008, 0.011554982246110406, 0.012036144865817206, 0.0124978127489868, 0.011857779686222928, 0.011841217247016351, 0.011501403932997263, 0.01150673628083634, 0.014772514196755123, 0.014171098362382764, 0.014062628143079054, 0.012753499632675951, 0.013547393379385304, 0.013412961100857839, 0.012976770679499811, 0.01168927474796993, 0.011730703263922292, 0.013311985113435829, 0.013982008201529459, 0.012611003553469485, 0.013375581450511705, 0.013190822572215969, 0.012461231291588805, 0.01193747980052741, 0.011726360360554182, 0.012980855449951255, 0.01005898094856916, 0.010418220971134227, 0.01076590310268758, 0.011200343985087497, 0.01214765430150648, 0.011197271104096188, 0.009129754767254713, 0.009508404229181658, 0.009070670621283122, 0.008937852032372108, 0.010295762605642802, 0.01009232190187804, 0.009172469130009228, 0.009023898270796197, 0.0069746107590581636, 0.008943130105632566], "mAP": [0.007353745303570233, 0.04671391092612454, 0.061770171603971025, 0.14623582398523344, 0.27423624089098314, 0.27695048711928505, 0.240320240162897, 0.3013154736890362, 0.31865332415438036, 0.3159328138460173, 0.31890214926556565, 0.332286163067308, 0.3260883319406215, 0.332775098694192, 0.33078854490345844, 0.3512909276468454, 0.35503473488565296, 0.3639274882307528, 0.36811801090376395, 0.3645684358059935, 0.3698436699259026, 0.3758386286448979, 0.37474144800541803, 0.3785492668100887, 0.3741741345359141], "mINP": [0.0011676788833899303, 0.002850270320190174, 0.00257478208798747, 0.005108406157243882, 0.02361568497967267, 0.021448908824995692, 0.016589392631396544, 0.023210495270151565, 0.027387662686743815, 0.028473548223917105, 0.026650781780835284, 0.028414602313995927, 0.0284424020672071, 0.029453001996046575, 0.028046289171289096, 0.033257263467034365, 0.03340354447215441, 0.0362968198123284, 0.03687329922145732, 0.037364319524331786, 0.037901802116788195, 0.03931173683097697, 0.03920061372202819, 0.039718177319988786, 0.038260762960231925], "rank-1": [0.039192399049881234, 0.31442992874109266, 0.4311163895486936, 0.7690023752969121, 0.9121140142517815, 0.9219121140142518, 0.8640142517814727, 0.9281472684085511, 0.9352731591448931, 0.9305225653206651, 0.9346793349168646, 0.9429928741092637, 0.9379453681710214, 0.9489311163895487, 0.9429928741092637, 0.9453681710213777, 0.9412114014251781, 0.9471496437054632, 0.9456650831353919, 0.9438836104513064, 0.9421021377672208, 0.9471496437054632, 0.9453681710213777, 0.9492280285035629, 0.9471496437054632], "rank-2": [0.05433491686460808, 0.3833135391923991, 0.4907957244655582, 0.8173990498812351, 0.9426959619952494, 0.9465558194774347, 0.9002375296912114, 0.9504156769596199, 0.9557600950118765, 0.9536817102137767, 0.9533847980997625, 0.9596199524940617, 0.9593230403800475, 0.9658551068883611, 0.9608076009501187, 0.9625890736342043, 0.9628859857482185, 0.9631828978622328, 0.9643705463182898, 0.963479809976247, 0.96229216152019, 0.963479809976247, 0.9658551068883611, 0.9667458432304038, 0.9667458432304038], "rank-5": [0.08461995249406176, 0.4931710213776722, 0.5685866983372921, 0.8663895486935868, 0.9625890736342043, 0.9688242280285035, 0.9260688836104513, 0.9676365795724465, 0.9720902612826603, 0.9706057007125891, 0.9726840855106889, 0.9756532066508313, 0.9744655581947743, 0.9780285035629454, 0.9771377672209026, 0.9777315914489311, 0.9792161520190024, 0.9804038004750594, 0.9809976247030879, 0.9762470308788599, 0.9783254156769596, 0.9789192399049881, 0.9792161520190024, 0.9815914489311164, 0.9809976247030879], "rank-10": [0.11787410926365796, 0.5739311163895487, 0.6386579572446556, 0.8975653206650831, 0.9744655581947743, 0.9780285035629454, 0.9450712589073634, 0.9750593824228029, 0.9807007125890737, 0.9792161520190024, 0.9792161520190024, 0.9812945368171021, 0.9836698337292161, 0.9851543942992874, 0.982185273159145, 0.9857482185273159, 0.9851543942992874, 0.9863420427553444, 0.9863420427553444, 0.9845605700712589, 0.9857482185273159, 0.9878266033254157, 0.9887173396674585, 0.9878266033254157, 0.9878266033254157], "rank-15": [0.1428147268408551, 0.6241092636579573, 0.6781472684085511, 0.9147862232779097, 0.9789192399049881, 0.982185273159145, 0.9533847980997625, 0.9798099762470309, 0.9833729216152018, 0.9830760095011877, 0.9839667458432304, 0.9860451306413301, 0.9857482185273159, 0.9890142517814727, 0.9860451306413301, 0.9890142517814727, 0.9887173396674585, 0.9907957244655582, 0.9890142517814727, 0.9872327790973872, 0.9902019002375297, 0.9928741092636579, 0.9907957244655582, 0.9913895486935868, 0.9916864608076009],