{"mAP": [0.29063860369178485], "mINP": [0.014888460097729036], "rank-1": [0.8435534591194969], "rank-2": [0.8691037735849056], "rank-5": [0.9009433962264151], "rank-10": [0.9194182389937107], "rank-15": [0.9272798742138365], "rank-20": [0.9327830188679245]}