{"mAP": [0.20191154811274695], "mINP": [0.00671971217461479], "rank-1": [0.9465558194774347], "rank-2": [0.961104513064133], "rank-5": [0.9771377672209026], "rank-10": [0.9836698337292161], "rank-15": [0.9872327790973872], "rank-20": [0.9890142517814727]}