{"mAP": [0.6663447119394939], "mINP": [0.2218623030980428], "rank-1": [0.9223333333333333], "rank-2": [0.941], "rank-5": [0.9626666666666667], "rank-10": [0.9726666666666667], "rank-15": [0.9776666666666667], "rank-20": [0.9813333333333333]}