{"mAP": [0.2919303111310275], "mINP": [0.014454269002677884], "rank-1": [0.8321540880503144], "rank-2": [0.8726415094339622], "rank-5": [0.8989779874213837], "rank-10": [0.9194182389937107], "rank-15": [0.9300314465408805], "rank-20": [0.9371069182389937]}