{"mAP": [0.19323719524714272], "mINP": [0.005382541230837693], "rank-1": [0.9450712589073634], "rank-2": [0.9616983372921615], "rank-5": [0.9774346793349169], "rank-10": [0.9824821852731591], "rank-15": [0.9860451306413301], "rank-20": [0.9878266033254157]}