{"mAP": [0.6804570178985596], "mINP": [0.2175237179597219], "rank-1": [0.9283333333333333], "rank-2": [0.947], "rank-5": [0.9643333333333334], "rank-10": [0.976], "rank-15": [0.9813333333333333], "rank-20": [0.9836666666666667]}