{"total-loss": [2.4576357775266815, 0.9516277317396348, 0.713456607395231, 0.5874129468082891, 0.5100392522205179, 0.45162748158451527, 0.40620539659513893, 0.3685373343471086, 0.3392743982539103, 0.31274958285132465, 0.29065212886768277, 0.2723089114230097, 0.25456971394294475, 0.23924087943065728, 0.22673459031422563, 0.21438730276533666, 0.2045385131632344, 0.1937870941355343, 0.18336160839458823, 0.17682438394204622, 0.1690135645758629], "id-loss": [2.44580856103426, 0.9454507868892686, 0.707398857504679, 0.5814403681625392, 0.5039788462714279, 0.44543470075604186, 0.4002729090164118, 0.3627753660395373, 0.33335212284416965, 0.3066362655113985, 0.28485369706309854, 0.26621332575265716, 0.2487054111384999, 0.2332312427913408, 0.22063730691551423, 0.20821173012910535, 0.19846684532009762, 0.18782639992552574, 0.17711898512707272, 0.1705621362655024, 0.16297106160904304], "triplet-loss": [0.009838537696835379, 0.005511672798925363, 0.0052679658006004205, 0.005030622805362807, 0.0050104929317635995, 0.005019794256037714, 0.00469955865076562, 0.004469083955566509, 0.004539581747845806, 0.00459943938812032, 0.004281330256427134, 0.004452910508067936, 0.004219573848361376, 0.004288743245091668, 0.004304383517764559, 0.004320599917013311, 0.004187084586435305, 0.004035388238527366, 0.004243940810633004, 0.004223472298967186, 0.004008978291173209], "center-loss": [0.0019886788959191, 0.0006652720187354026, 0.0007897840502331419, 0.0009419558727036362, 0.001049913019265477, 0.0011729865670466622, 0.0012329288775471958, 0.0012928842975960832, 0.0013826936317989473, 0.001513877938655618, 0.0015171015284210162, 0.0016426751165612087, 0.0016447289649189083, 0.0017208933449943554, 0.0017928998294912072, 0.0018549726932933683, 0.0018845832218985763, 0.0019253059776056236, 0.0019986824790751262, 0.0020387753615689016, 0.002033524675022015], "mAP": [0.3628131678899129, 0.4088986406326294, 0.421441383043925, 0.4286302003860474, 0.4225404783884684, 0.43355256589253743, 0.4341671282450358, 0.43626341756184894, 0.4370863669713338, 0.4382411619822184, 0.4372446603775024], "mINP": [0.04023901502291361, 0.05405760200321674, 0.06112075979510943, 0.06420157111684481, 0.06519470466176669, 0.06971148021022479, 0.06838923415044944, 0.06651949617018302, 0.06842534202337265, 0.06758605008323987, 0.06694403446714084], "rank-1": [0.8186666666666667, 0.862, 0.8666666666666667, 0.8733333333333333, 0.8736666666666667, 0.878, 0.8763333333333333, 0.879, 0.8813333333333333, 0.8793333333333333, 0.883], "rank-2": [0.844, 0.881, 0.8866666666666667, 0.8953333333333333, 0.8993333333333333, 0.901, 0.8973333333333333, 0.903, 0.903, 0.9026666666666666, 0.9063333333333333], "rank-5": [0.873, 0.907, 0.9096666666666666, 0.9136666666666666, 0.9203333333333333, 0.9213333333333333, 0.9226666666666666, 0.9263333333333333, 0.9243333333333333, 0.9263333333333333, 0.926], "rank-10": [0.8956666666666667, 0.922, 0.9283333333333333, 0.932, 0.9346666666666666, 0.9383333333333334, 0.936, 0.94, 0.939, 0.9403333333333334, 0.94], "rank-15": [0.9053333333333333, 0.9306666666666666, 0.9373333333333334, 0.942, 0.9436666666666667, 0.9446666666666667, 0.9426666666666667, 0.9453333333333334, 0.9466666666666667, 0.949, 0.95], "rank-20": [0.9103333333333333, 0.936, 0.942, 0.9466666666666667, 0.9486666666666667, 0.9513333333333334, 0.948, 0.9506666666666667, 0.9506666666666667, 0.9533333333333334, 0.957]}