{"mAP": [0.4218742995517059], "mINP": [0.042269155318678926], "rank-1": [0.8647798742138365], "rank-2": [0.8930817610062893], "rank-5": [0.9213836477987422], "rank-10": [0.9394654088050315], "rank-15": [0.9481132075471698], "rank-20": [0.9540094339622641]}