{"mAP": [0.407974813858668], "mINP": [0.07489617969592412], "rank-1": [0.7676666666666667], "rank-2": [0.816], "rank-5": [0.8613333333333333], "rank-10": [0.8853333333333333], "rank-15": [0.8996666666666666], "rank-20": [0.91]}