{"mAP": [0.36694577109785376], "mINP": [0.036429263925679786], "rank-1": [0.9501187648456056], "rank-2": [0.9670427553444181], "rank-5": [0.9801068883610451], "rank-10": [0.9869358669833729], "rank-15": [0.9896080760095012], "rank-20": [0.9919833729216152]}