{"mAP": [0.6878731994628906], "mINP": [0.22551510961850485], "rank-1": [0.926], "rank-2": [0.9476666666666667], "rank-5": [0.9643333333333334], "rank-10": [0.9766666666666667], "rank-15": [0.9823333333333333], "rank-20": [0.985]}