{"mAP": [0.27905513093156636], "mINP": [0.013864934971591211], "rank-1": [0.8231132075471698], "rank-2": [0.8537735849056604], "rank-5": [0.8938679245283019], "rank-10": [0.9150943396226415], "rank-15": [0.9249213836477987], "rank-20": [0.9323899371069182]}