{"mAP": [0.19522325174259178], "mINP": [0.00625591051616571], "rank-1": [0.9281472684085511], "rank-2": [0.9492280285035629], "rank-5": [0.9700118764845606], "rank-10": [0.9777315914489311], "rank-15": [0.9842636579572447], "rank-20": [0.9869358669833729]}