{"total-loss": [4.16570959423785, 0.887462940784688, 0.4715738858423821, 0.32070183759581794, 0.2459550024671133, 0.19835607778572617, 0.16813993931468638, 0.14509583992400357, 0.13065733926404935, 0.11514145295047959, 0.10897732904807572, 0.09823752462636394, 0.09471057245755389, 0.0897519308869541, 0.0837209829871543, 0.08506490600236671, 0.07553670358084309, 0.075249722962704, 0.06730917084392424, 0.07117675371169746, 0.06520297533025331, 0.061623094554719544, 0.06306431091134704, 0.06204646197582476, 0.05771566383644422, 0.05839738065007589, 0.05785057481346761, 0.05742065348271386, 0.058882261636674434, 0.055359691025206284, 0.03199573466638776, 0.021255817632752062, 0.017349164531586716, 0.01544960569373258, 0.014874365874193544, 0.017643241970006357, 0.013628306447787676, 0.013948865116420493, 0.01412275482267017, 0.012819810850768677, 0.013119807869483963, 0.014228996841668185, 0.01255707683055303, 0.013916005911186491, 0.013884950681326494, 0.011955883824099619, 0.011757715905279688, 0.010812025071720402, 0.011712250366059395], "id-loss": [3.977084968786823, 0.8478976423529765, 0.44141487778928706, 0.2938508266025745, 0.22149886824989046, 0.17457149964166885, 0.14492625438338252, 0.12430334490181677, 0.11059895775254186, 0.0953115094922789, 0.08924126293715334, 0.07810121254046545, 0.07548980162985813, 0.0706534146497991, 0.06509547020149171, 0.06484314382993851, 0.05693744438325556, 0.05652122555846534, 0.05019318871203335, 0.05326841339882576, 0.04772188032730494, 0.0450279869672975, 0.045182105415984594, 0.04396636302050694, 0.04083795519651728, 0.041681381159373254, 0.03931982414008128, 0.0391298540849823, 0.04027185602686161, 0.037825038157056845, 0.014844218062525416, 0.004870883415535405, 0.004130315916731539, 0.0026106553187161957, 0.0027682801282202497, 0.0034603424660662827, 0.0016966863940346061, 0.0015266604557314012, 0.0013672513841932311, 0.0014559262477886067, 0.0014343511237775428, 0.0020454673104021914, 0.0011697716471071842, 0.002387113336556972, 0.00172427772195105, 0.0008619824014546977, 0.0009720480545660522, 0.000977038261968649, 0.000992573109291188], "triplet-loss": [0.15118481053079363, 0.026847320795059203, 0.0184974975479957, 0.01574998470434325, 0.014461666670678393, 0.014334005876567595, 0.014284865689683532, 0.011901424391122363, 0.011757882144231664, 0.01140094798664277, 0.011401955866046993, 0.011535224710294006, 0.010927786393394085, 0.01077224124237087, 0.01075724739708185, 0.01158934418220087, 0.010465817061378556, 0.010597789914242707, 0.009378714540980352, 0.010046096399783487, 0.00976320163054394, 0.00886882927179487, 0.010269430837820637, 0.010244376924532509, 0.008981326089944093, 0.008922829139803879, 0.010271211256934294, 0.01049806301354009, 0.010844349852689127, 0.009766061994873109, 0.009229380162937794, 0.008936688156439106, 0.006802317448439544, 0.006790471119244793, 0.006561258385453518, 0.00824848090922096, 0.006647642909503374, 0.007234295041383741, 0.007687217127743164, 0.006539352091609454, 0.007238556456858994, 0.007430274168224383, 0.006910926484107069, 0.0071311860337083, 0.0077185398383444225, 0.0066875828723663945, 0.006571901301192155, 0.005818152759332224, 0.0066210728566177554], "center-loss": [0.03743981551721436, 0.01271797783545384, 0.011661510442935275, 0.011101026403062072, 0.009994467545428735, 0.009450572401599038, 0.00892881925382521, 0.008891070556452834, 0.008300499268924913, 0.00842899554740863, 0.008334110210949736, 0.00860108743215621, 0.008292984462031638, 0.00832627500108799, 0.007868265423990967, 0.008632418013247984, 0.008133442156397929, 0.008130707493509033, 0.007737267632288435, 0.007862243925654041, 0.007717893417834505, 0.007726278258599153, 0.007612774692733289, 0.007835722078048373, 0.007896382557912312, 0.00779317041171182, 0.00825953940784736, 0.007792736390974927, 0.007766055769444423, 0.007768590880073736, 0.007922136430536993, 0.007448246075523944, 0.006416531242607842, 0.006048479287048054, 0.005544827449617586, 0.005934418611196757, 0.005283977174425314, 0.005187909642780848, 0.005068286350544502, 0.00482453257194133, 0.004446900322304306, 0.004753255385530861, 0.004476378717495558, 0.0043977065696551325, 0.004442133157573344, 0.004406318569178299, 0.004213766597092743, 0.004016834064513036, 0.004098604436908598], "mAP": [0.35898448499043784, 0.578933411916097, 0.6001189228693644, 0.6035900071461996, 0.600523801167806, 0.631104931195577, 0.6197012259165446, 0.6101323178609213, 0.6295217822392781, 0.6359376284281413, 0.6246129379272461, 0.6351464424133301, 0.6398478914896647, 0.6364255256652832, 0.6312303613026937, 0.6612711950937907, 0.6581284224192302, 0.6720382582346598, 0.6803673699696858, 0.680511957804362, 0.6799422715504965, 0.6784432074228922, 0.6724088214238485, 0.6873335978190104, 0.6885622488657633], "mINP": [0.0601259376903375, 0.14949949137369792, 0.1635179497798284, 0.16755416532357534, 0.16406844965616862, 0.18721527616182962, 0.17552628978093465, 0.17634002161026002, 0.18350943867365518, 0.19112306559085845, 0.18144242707888286, 0.19221008237202963, 0.19608162800470988, 0.1912475978533427, 0.18751012563705444, 0.20879886945088705, 0.2063123584588369, 0.21807075039545695, 0.22227409513791402, 0.2209476335843404, 0.2240699139436086, 0.2200200839837392, 0.2204481742779414, 0.22793619418144226, 0.2278653298219045], "rank-1": [0.758, 0.888, 0.8983333333333333, 0.901, 0.905, 0.9133333333333333, 0.9056666666666666, 0.9023333333333333, 0.9163333333333333, 0.9123333333333333, 0.9066666666666666, 0.9143333333333333, 0.9116666666666666, 0.904, 0.914, 0.9233333333333333, 0.9236666666666666, 0.9313333333333333, 0.9276666666666666, 0.9286666666666666, 0.928, 0.9256666666666666, 0.923, 0.928, 0.9286666666666666], "rank-2": [0.805, 0.9123333333333333, 0.9203333333333333, 0.9243333333333333, 0.9273333333333333, 0.932, 0.9246666666666666, 0.9293333333333333, 0.9356666666666666, 0.939, 0.935, 0.94, 0.933, 0.9276666666666666, 0.935, 0.9403333333333334, 0.9416666666666667, 0.9506666666666667, 0.9483333333333334, 0.9466666666666667, 0.9446666666666667, 0.947, 0.942, 0.948, 0.949], "rank-5": [0.8533333333333334, 0.9353333333333333, 0.9436666666666667, 0.9473333333333334, 0.9506666666666667, 0.9513333333333334, 0.9476666666666667, 0.9506666666666667, 0.955, 0.9573333333333334, 0.954, 0.9586666666666667, 0.9583333333333334, 0.951, 0.9573333333333334, 0.959, 0.9606666666666667, 0.9626666666666667, 0.964, 0.9663333333333334, 0.9633333333333334, 0.9643333333333334, 0.9616666666666667, 0.964, 0.965], "rank-10": [0.88, 0.9526666666666667, 0.9606666666666667, 0.9643333333333334, 0.9663333333333334, 0.965, 0.964, 0.9626666666666667, 0.9693333333333334, 0.966, 0.9676666666666667, 0.969, 0.9686666666666667, 0.9676666666666667, 0.9706666666666667, 0.9703333333333334, 0.9726666666666667, 0.975, 0.9766666666666667, 0.9776666666666667, 0.9766666666666667, 0.975, 0.9736666666666667, 0.9763333333333334, 0.974], "rank-15": [0.8963333333333333, 0.9586666666666667, 0.967, 0.97, 0.9716666666666667, 0.973, 0.9703333333333334, 0.972, 0.976, 0.9746666666666667, 0.9753333333333334, 0.975, 0.9736666666666667, 0.971, 0.9796666666666667, 0.9783333333333334, 0.9793333333333333, 0.9806666666666667, 0.9803333333333333, 0.9826666666666667, 0.9813333333333333, 0.9806666666666667, 0.9776666666666667, 0.981, 0.982], "rank-20": [0.9066666666666666, 0.9633333333333334, 0.973, 0.9733333333333334, 0.9746666666666667, 0.9783333333333334, 0.9736666666666667, 0.978, 0.9783333333333334, 0.9776666666666667, 0.9776666666666667, 0.9783333333333334, 0.9773333333333334, 0.9753333333333334, 0.982, 0.9816666666666667, 0.9823333333333333, 0.9833333333333333, 0.9836666666666667, 0.985, 0.9853333333333333, 0.9833333333333333, 0.979, 0.984, 0.984]}