{"total-loss": [2.522917508690422, 0.6307374865600408, 0.3947886977828675, 0.28830483881534963, 0.22940231147795428, 0.18601455201789074, 0.16081530480064485, 0.13687804805292456, 0.12176827873645737, 0.10843987575577041, 0.09869639568705946, 0.09082945714181406, 0.0840528346657428, 0.07922456954463257, 0.07388414765622778, 0.070131866034464, 0.06761782184106284, 0.0628399339582454, 0.06107959564402608, 0.05828877725895588, 0.05568992344796237, 0.05334857281840056, 0.05253337194406037, 0.050691307450371294, 0.048703293187143705, 0.046884863012815595, 0.046722992539750076, 0.04546812740366994, 0.0436749321554762, 0.04420201030964143, 0.020140051188184807, 0.012950699634529397, 0.012038098636395888, 0.011297428364827989, 0.0103313199315859, 0.009651470062161271, 0.008976961862913562, 0.008998388156792115, 0.008786761250947125, 0.008710236575008466, 0.008689231214803795, 0.00800592476775386, 0.008133919594461348, 0.007755754232201948, 0.008277507367607725, 0.008144847275829642, 0.008051102557584074, 0.007828692384534125, 0.0074207224068449625, 0.007349953979426679], "id-loss": [2.4638718201033676, 0.6178147076645396, 0.3839699201491832, 0.2781355791827318, 0.21887114266833674, 0.17684126933972186, 0.1505662014026532, 0.12717437712678412, 0.11237196973966845, 0.09834009262548919, 0.08859379647345073, 0.08174812374522814, 0.07501467972973874, 0.06966877288058931, 0.06488541864893443, 0.05986746500055655, 0.05793951013522949, 0.05327048266175849, 0.05176894204109136, 0.04842508248573893, 0.046921114097122144, 0.04454136918769122, 0.04251739187924205, 0.041704172757393694, 0.03981200086435882, 0.038075971712481914, 0.03648212801404681, 0.03664079749892786, 0.03447179274838992, 0.03411293585395682, 0.01161879163787962, 0.0048498325042649025, 0.0032007470241101578, 0.0024899912656190367, 0.002041551435827597, 0.0016113504335006454, 0.0014080519540942199, 0.001421440243647716, 0.0013453452781110344, 0.0014053612263269896, 0.0010869990602322894, 0.0007977506306235371, 0.0010320571068116876, 0.0010236869884066085, 0.00085784210067982, 0.0008036928288303769, 0.0009909114101928989, 0.0008908785345157767, 0.0008465667418033948, 0.0007160173581905649], "triplet-loss": [0.04758771961761014, 0.010584165708724926, 0.008668436059625669, 0.007910710407544794, 0.008281420820894581, 0.006870753756898463, 0.00773298076034171, 0.007080927900327583, 0.006658705020946772, 0.007238170785354486, 0.007033020034669412, 0.00611904058926632, 0.006030370332094846, 0.006426534939930903, 0.0057992405606916795, 0.006948190584227445, 0.006166633158029074, 0.006300714718283629, 0.005934920410190458, 0.006308424839911779, 0.005517797508112813, 0.005443624134251725, 0.00645368117648873, 0.005551225637523409, 0.005345343697735678, 0.005274832478828732, 0.006528352030343832, 0.005293806514313088, 0.005606608148168404, 0.006370651109866635, 0.004953034848309074, 0.004705905681670899, 0.005458555565534196, 0.005538958814147926, 0.005169262871627689, 0.004989195781577957, 0.004576158955401359, 0.004664495158251378, 0.004604939057008517, 0.004481053653098462, 0.004680353588701073, 0.004538846420953367, 0.004421946245702331, 0.004075512179608084, 0.004708512195506208, 0.0046859143874702315, 0.0043392004306424545, 0.004465199199909144, 0.004044843493654722, 0.0042561814344879295], "center-loss": [0.011457969878016259, 0.002338613223552557, 0.0021503415585115335, 0.0022585492391072244, 0.002249747976880208, 0.0023025289410311066, 0.0025161226602202712, 0.0026227430507975375, 0.0027376039693083397, 0.0028616123279767538, 0.0030695791653735636, 0.00296229273159469, 0.003007784648546007, 0.0031292617396614687, 0.0031994885027446175, 0.003316210402650294, 0.003511678541042171, 0.0032687366225163774, 0.003375733226684018, 0.003555269912562548, 0.003251011852687318, 0.0033635794610359965, 0.003562298913704164, 0.0034359090579175475, 0.0035459486400360577, 0.0035340588153454137, 0.0037125125433073404, 0.0035335233539561016, 0.0035965313184430055, 0.003718423386019505, 0.0035682246684652693, 0.0033949614445670587, 0.003378796060273722, 0.0032684783106944207, 0.003120505623980365, 0.0030509238749550998, 0.0029927509532419565, 0.0029124527707644586, 0.00283647692820903, 0.002823821727269704, 0.002921878604953478, 0.0026693277341167795, 0.002679916266395889, 0.0026565550897517305, 0.0027111530993232987, 0.0026552400799467303, 0.0027209907401871346, 0.0024726146716394825, 0.0025293122022439028, 0.0023777552208088734], "mAP": [0.5177506224314372, 0.5980243117014568, 0.6260677757263183, 0.6335074701309205, 0.6410999984741211, 0.6399792359670003, 0.6387201026280721, 0.6286190773646037, 0.6483686294555664, 0.647809434890747, 0.6458298018773396, 0.6481008408864339, 0.6448452218373617, 0.6438784793217976, 0.655841854095459, 0.6684373607635498, 0.671661371866862, 0.6695023829142253, 0.6699391447703044, 0.6718309243520101, 0.6728158003489176, 0.6768745142618815, 0.670725328763326, 0.6761544256210327, 0.6761249879201253, 0.672540184656779], "mINP": [0.11170773667097092, 0.15795314260323842, 0.17452693037192027, 0.18094392212231955, 0.18411417865753174, 0.1842096923192342, 0.18309772141774494, 0.17292984275023143, 0.1879235642751058, 0.18907404120763144, 0.1861314482688904, 0.1890333342552185, 0.19430368685722352, 0.19141556366284687, 0.1973482693831126, 0.21056018471717836, 0.21329625248908995, 0.21053419280052185, 0.21126524623235066, 0.21152120467027027, 0.2139327702522278, 0.21712293895085652, 0.2121390852133433, 0.21529122082392374, 0.21634785254796346, 0.2107852199077606], "rank-1": [0.862, 0.8993333333333333, 0.9086666666666666, 0.9136666666666666, 0.9156666666666666, 0.9183333333333333, 0.9123333333333333, 0.912, 0.9213333333333333, 0.9183333333333333, 0.916, 0.9186666666666666, 0.9163333333333333, 0.9163333333333333, 0.9183333333333333, 0.9223333333333333, 0.9223333333333333, 0.9243333333333333, 0.9243333333333333, 0.9216666666666666, 0.9216666666666666, 0.9253333333333333, 0.9263333333333333, 0.925, 0.9263333333333333, 0.9256666666666666], "rank-2": [0.891, 0.9216666666666666, 0.929, 0.931, 0.9343333333333333, 0.933, 0.9326666666666666, 0.933, 0.935, 0.9393333333333334, 0.9336666666666666, 0.9343333333333333, 0.9343333333333333, 0.9396666666666667, 0.9403333333333334, 0.9393333333333334, 0.9433333333333334, 0.943, 0.9423333333333334, 0.941, 0.944, 0.944, 0.946, 0.9453333333333334, 0.943, 0.9433333333333334], "rank-5": [0.9163333333333333, 0.9426666666666667, 0.953, 0.9526666666666667, 0.953, 0.9536666666666667, 0.9593333333333334, 0.9546666666666667, 0.9533333333333334, 0.9583333333333334, 0.9586666666666667, 0.9556666666666667, 0.9533333333333334, 0.9603333333333334, 0.9586666666666667, 0.96, 0.9633333333333334, 0.96, 0.9636666666666667, 0.9636666666666667, 0.9626666666666667, 0.9636666666666667, 0.964, 0.9633333333333334, 0.9633333333333334, 0.963], "rank-10": [0.937, 0.958, 0.9656666666666667, 0.966, 0.967, 0.968, 0.971, 0.9683333333333334, 0.9666666666666667, 0.9706666666666667, 0.9683333333333334, 0.9683333333333334, 0.9673333333333334, 0.9723333333333334, 0.9693333333333334, 0.9716666666666667, 0.977, 0.9776666666666667, 0.9753333333333334, 0.975, 0.9746666666666667, 0.9733333333333334, 0.9746666666666667, 0.9746666666666667, 0.975, 0.975], "rank-15": [0.9456666666666667, 0.9673333333333334, 0.971, 0.9723333333333334, 0.9736666666666667, 0.971, 0.9743333333333334, 0.9773333333333334, 0.9783333333333334, 0.976, 0.9736666666666667, 0.976, 0.977, 0.976, 0.976, 0.9793333333333333, 0.9816666666666667, 0.982, 0.9813333333333333, 0.9803333333333333, 0.9803333333333333, 0.9806666666666667, 0.979, 0.9793333333333333, 0.98, 0.9823333333333333],