{"mAP": [0.4885109481016795], "mINP": [0.09938071490203342], "rank-1": [0.8356666666666667], "rank-2": [0.8663333333333333], "rank-5": [0.8973333333333333], "rank-10": [0.917], "rank-15": [0.9286666666666666], "rank-20": [0.9343333333333333]}