{"mAP": [0.41349410556209915], "mINP": [0.0358555593232056], "rank-1": [0.8620283018867925], "rank-2": [0.8891509433962265], "rank-5": [0.9209905660377359], "rank-10": [0.9351415094339622], "rank-15": [0.9422169811320755], "rank-20": [0.9473270440251572]}