{"mAP": [0.43711638647430345], "mINP": [0.041987878601388924], "rank-1": [0.8679245283018868], "rank-2": [0.8934748427672956], "rank-5": [0.9233490566037735], "rank-10": [0.9414308176100629], "rank-15": [0.9481132075471698], "rank-20": [0.9508647798742138]}