{"mAP": [0.4026781499668991], "mINP": [0.04122590134252137], "rank-1": [0.9423990498812351], "rank-2": [0.9616983372921615], "rank-5": [0.9780285035629454], "rank-10": [0.9839667458432304], "rank-15": [0.9857482185273159], "rank-20": [0.9869358669833729]}