{"mAP": [0.465535932858785], "mINP": [0.08296480969898402], "rank-1": [0.8363333333333334], "rank-2": [0.862], "rank-5": [0.898], "rank-10": [0.9163333333333333], "rank-15": [0.9283333333333333], "rank-20": [0.9336666666666666]}