{"mAP": [0.36737310327147077], "mINP": [0.026093404947485854], "rank-1": [0.9418052256532067], "rank-2": [0.961104513064133], "rank-5": [0.9762470308788599], "rank-10": [0.9836698337292161], "rank-15": [0.9863420427553444], "rank-20": [0.9881235154394299]}