{"total-loss": [10.482380620628707, 4.545111854232581, 2.682034238749293, 1.5204110760771299, 0.9157391808862592, 0.5327793699844622, 0.328999370449926, 0.2448920653073856, 0.18336253352371149, 0.17470435099395645, 0.1457979577052872, 0.1417138778628994, 0.1347520418407991, 0.1195928212750796, 0.13568347213992882, 0.11839286289319396, 0.10895358318844052, 0.10643207509568435, 0.104151506642453, 0.09470161730841647, 0.10359245619321558, 0.1058357302722622, 0.08745680040185132, 0.08613753231862817, 0.07935976060776476, 0.08590387663713518, 0.08979804475640764, 0.08691297743945778, 0.08667924211099992, 0.08121143789410194, 0.06882156310137863, 0.03991069740284214, 0.040953440515745794, 0.0362185847216486, 0.0374531869469644, 0.03691624679333379, 0.037685502209156785, 0.03264640544832405, 0.03773175735706575, 0.03144562124327186, 0.02359692422950173, 0.032456927281952055, 0.04118261430649488, 0.03000431172659248, 0.03149835386281199, 0.027088662885286715, 0.03609101252620455, 0.03173946953991621, 0.034851590712287835], "id-loss": [10.397885011359405, 4.489225245818809, 2.6200959392177454, 1.4617805152726262, 0.8697685490101024, 0.4845544228857505, 0.2935353407414103, 0.20209843498552207, 0.14420880245882903, 0.13164939121056835, 0.11050821777454166, 0.09925672100149702, 0.09836977512446139, 0.08779817180296784, 0.09464302716011593, 0.07354145940196678, 0.07315465443206684, 0.0725789589400358, 0.06850701495092618, 0.06352190246413635, 0.06567483188910642, 0.06621287286140375, 0.052062422359193124, 0.05085686710987604, 0.04547584750919166, 0.05418209087177014, 0.05485526204435773, 0.048893358490393904, 0.04995758102830673, 0.05007409069015314, 0.03340709333740591, 0.013204061823613831, 0.010575187527214243, 0.010977743517645031, 0.007068147299778523, 0.004662185303504834, 0.004907702490352742, 0.002831965667714418, 0.0034407427267566923, 0.003642968115698703, 0.0027655306812808373, 0.0016381463759082486, 0.003613326127095792, 0.0034841477656570793, 0.0022700905911602785, 0.0014781932718565662, 0.0020374933085034793, 0.0022348336529919477, 0.001421549101698115], "triplet-loss": [0.07573639694486177, 0.04733941726137887, 0.05022673345687805, 0.046641164513394624, 0.035355360098689684, 0.03626406166992612, 0.02551119507501093, 0.031503850868149066, 0.027802145608202343, 0.03133054152223177, 0.025372975016627528, 0.030630663774069512, 0.024162683953681895, 0.021521682589693624, 0.028663168832825495, 0.033208319178249394, 0.02449929833006947, 0.02273040386411846, 0.024092609217051964, 0.020673745098824258, 0.026522213222438237, 0.027180104554436264, 0.0239948977351336, 0.02357790908316894, 0.023510937481123966, 0.020999003289214467, 0.022620337532904593, 0.025621407857563058, 0.02474177660068269, 0.019926090019079308, 0.02299883674337484, 0.01636250032519528, 0.018083878229884488, 0.015196664509799777, 0.01857551691963882, 0.02077838818097144, 0.02098447389265221, 0.019024827129613925, 0.02194383281786156, 0.01686880034849287, 0.011969749036398157, 0.019868366908378742, 0.025556329108212875, 0.01684140325587229, 0.01929090883034858, 0.01617625885273529, 0.023429662827287232, 0.019191738388447, 0.02332775179660512], "center-loss": [0.008759208243427746, 0.00854719021301187, 0.011711564065821755, 0.011989395004065134, 0.010615271679614987, 0.011960886198939808, 0.009952834717542559, 0.011289779939521818, 0.01135158566447212, 0.011724418075237197, 0.009916764678265463, 0.011826493012936434, 0.012219582837447984, 0.010272966894667656, 0.012377276353547247, 0.011643084539710665, 0.011299630051434998, 0.011122712464853477, 0.011551882703276294, 0.010505969883650726, 0.011395411379405094, 0.012442752865128155, 0.011399480382991293, 0.011702755977237328, 0.010372975629343386, 0.010722782527302634, 0.012322445055849767, 0.012398210804269399, 0.011979884562417588, 0.011211257456710887, 0.012415633030346283, 0.010344135426491388, 0.012294374523760362, 0.010044176987981325, 0.011809522942242722, 0.011475673153747808, 0.01179332567358157, 0.010789612552199434, 0.012347181786970685, 0.01093385299052974, 0.008861644414560903, 0.010950414031025653, 0.012012959038896305, 0.009678760739169987, 0.009937354353140252, 0.009434210758181969, 0.010623856870128286, 0.01031289753654905, 0.010102289909559069], "mAP": [0.11799518574657462, 0.2549248882823772, 0.2940267516286809, 0.30009355702196333, 0.31619807065524286, 0.3238066364070865, 0.34810606105310615, 0.3508923632798455, 0.35196132749106707, 0.35592695900776605, 0.36209635624126696, 0.3682767124470509, 0.3624013142744323, 0.37060102756686, 0.3714302197771231, 0.3802369772821594, 0.3856512202644575, 0.3866818398591175, 0.3926732095573407, 0.3880503596715859, 0.40026753220592143, 0.39374959100736856, 0.39457060180763737, 0.40512953688016695, 0.4072333667737005], "mINP": [0.0037994146899534764, 0.013153832921240647, 0.01807806549722112, 0.01808844617348952, 0.021140792630524364, 0.022231073510299952, 0.028247325537359064, 0.027795035281437595, 0.028867051695559767, 0.03078191453533473, 0.031227843977528626, 0.030940901196059592, 0.02959013073273764, 0.03163230997861989, 0.033255798091797815, 0.035118149841235256, 0.035309831357412835, 0.0360242475151591, 0.03770778409366865, 0.03697645031535144, 0.03978429184319571, 0.038444876208494363, 0.037893172680906896, 0.04117390964259869, 0.04150376476860669], "rank-1": [0.6306413301662708, 0.8414489311163895, 0.8839073634204275, 0.8987529691211401, 0.9032066508313539, 0.911520190023753, 0.9219121140142518, 0.916270783847981, 0.9248812351543944, 0.9266627078384798, 0.9281472684085511, 0.9278503562945368, 0.9326009501187649, 0.9358669833729216, 0.9418052256532067, 0.9435866983372921, 0.9459619952494062, 0.9429928741092637, 0.9447743467933492, 0.9394299287410927, 0.9468527315914489, 0.9441805225653207, 0.9385391923990499, 0.9453681710213777, 0.9453681710213777], "rank-2": [0.6831947743467933, 0.8752969121140143, 0.9124109263657957, 0.9228028503562945, 0.9293349168646081, 0.934085510688836, 0.9447743467933492, 0.9444774346793349, 0.9483372921615202, 0.9510095011876485, 0.9492280285035629, 0.9483372921615202, 0.9519002375296912, 0.956353919239905, 0.9596199524940617, 0.9608076009501187, 0.963479809976247, 0.9584323040380047, 0.963479809976247, 0.9605106888361045, 0.9652612826603325, 0.9640736342042755, 0.9616983372921615, 0.96229216152019, 0.9640736342042755], "rank-5": [0.7541567695961995, 0.9159738717339667, 0.9382422802850356, 0.9465558194774347, 0.9524940617577197, 0.9554631828978623, 0.9646674584323041, 0.9637767220902613, 0.9643705463182898, 0.9670427553444181, 0.9682304038004751, 0.9673396674584323, 0.9688242280285035, 0.9756532066508313, 0.9726840855106889, 0.975356294536817, 0.9765439429928741, 0.9729809976247031, 0.9762470308788599, 0.9741686460807601, 0.9765439429928741, 0.9768408551068883, 0.9759501187648456, 0.9774346793349169, 0.9783254156769596], "rank-10": [0.8001781472684085, 0.9358669833729216, 0.9542755344418052, 0.957541567695962, 0.961104513064133, 0.9682304038004751, 0.975356294536817, 0.975356294536817, 0.9747624703087886, 0.9744655581947743, 0.9768408551068883, 0.9765439429928741, 0.9812945368171021, 0.9842636579572447, 0.9804038004750594, 0.9827790973871734, 0.9842636579572447, 0.9801068883610451, 0.9830760095011877, 0.9789192399049881, 0.9833729216152018, 0.982185273159145, 0.9812945368171021, 0.9827790973871734, 0.9839667458432304], "rank-15": [0.8245249406175772, 0.9507125890736342, 0.9625890736342043, 0.9637767220902613, 0.9682304038004751, 0.9720902612826603, 0.9812945368171021, 0.9804038004750594, 0.9801068883610451, 0.9777315914489311, 0.9809976247030879, 0.9815914489311164, 0.9827790973871734, 0.9878266033254157, 0.9839667458432304, 0.9872327790973872, 0.9878266033254157, 0.9833729216152018, 0.9866389548693587, 0.982185273159145, 0.9857482185273159, 0.9857482185273159, 0.9845605700712589, 0.9878266033254157, 0.9869358669833729],