{"mAP": [0.11103349252169331], "mINP": [0.04016011205967516], "rank-1": [0.37666666666666665], "rank-2": [0.407], "rank-5": [0.44366666666666665], "rank-10": [0.4686666666666667], "rank-15": [0.48133333333333334], "rank-20": [0.492]}