{"mAP": [0.5383089383443197, 0.6008519331614176, 0.619468092918396, 0.6816583474477133, 0.6725343068440756, 0.7157537142435709, 0.6656820774078369, 0.7035311063130697, 0.6858733495076498, 0.6629881858825684], "mINP": [0.3455764452616374, 0.3466900984446208, 0.33941149711608887, 0.33809908231099445, 0.34617002805074054, 0.3399519125620524, 0.34047945340474445, 0.3604806264241536, 0.3642762104670207, 0.364108681678772], "rank-1": [0.0, 0.1, 0.2, 0.3, 0.4, 0.5, 0.6, 0.7, 0.8, 0.9], "rank-2": [0.1, 0.2, 0.3, 0.4, 0.5, 0.6, 0.7, 0.8, 0.9, 0.9], "rank-5": [0.3, 0.4, 0.5, 0.6, 0.7, 0.8, 0.9, 0.9, 0.9, 1.0], "rank-10": [0.4, 0.5, 0.6, 0.7, 0.8, 0.8, 0.9, 0.9, 1.0, 1.0], "rank-20": [0.5, 0.7, 0.8, 0.8, 0.9, 0.9, 1.0, 1.0, 1.0, 1.0]}