{"triplet-loss": [0.14020024407822806, 0.06928700356333105, 0.04317697429576436, 0.05800643147112013, 0.04243955402089669, 0.04140724389402716, 0.03790056116476252, 0.03757356214630711, 0.03382000555326273, 0.037516699516558435], "id-loss": [0.228854674476761, 0.2256929165608174, 0.21151658543595322, 0.19845796275783228, 0.18156708844073183, 0.1670535845799489, 0.15427026555344864, 0.18200219375593168, 0.17123061364835446, 0.14913440019160779], "total-loss": [0.4293438206921827, 0.30060860380396115, 0.2572720952936121, 0.26005915585938877, 0.2263760115649249, 0.2110086862031404, 0.1945246721173192, 0.22170152427913906, 0.20631887032105042, 0.1884564902331378], "center-loss": [0.060288902193041484, 0.005628680540794121, 0.0025785347047735945, 0.003594759786669333, 0.0023693663743534336, 0.002547862394167496, 0.002353845320449018, 0.002125766582426254, 0.001268248959981442, 0.001805392221908446], "mAP": [0.3347044188012767, 0.3870147435011062, 0.3715996981370414, 0.2524607610561855, 0.37315467676933534, 0.3683789908710131, 0.42460092190092646, 0.4231837449875553, 0.4699120085499631, 0.42223923044570427], "mINP": [0.1242811940060956, 0.17582312164756753, 0.11676169426391962, 0.10139445077001522, 0.14606950697997326, 0.16022511710107853, 0.18554939562592182, 0.14723384485835522, 0.20207149089261844, 0.18648441280938882], "rank-1": [0.7079646017699115, 0.7787610619469026, 0.8849557522123894, 0.7050147492625368, 0.7522123893805309, 0.855457227138643, 0.8938053097345132, 0.8584070796460177, 0.9233038348082596, 0.9026548672566371], "rank-2": [0.7846607669616519, 0.8407079646017699, 0.9233038348082596, 0.7846607669616519, 0.8230088495575221, 0.9026548672566371, 0.9144542772861357, 0.9026548672566371, 0.9351032448377581, 0.9262536873156342], "rank-5": [0.8702064896755162, 0.8908554572271387, 0.9557522123893806, 0.855457227138643, 0.8820058997050148, 0.9292035398230089, 0.9498525073746312, 0.9321533923303835, 0.967551622418879, 0.9469026548672567], "rank-10": [0.9174041297935103, 0.9351032448377581, 0.9734513274336283, 0.911504424778761, 0.9144542772861357, 0.943952802359882, 0.9705014749262537, 0.9557522123893806, 0.9852507374631269, 0.9587020648967551], "rank-15": [0.9351032448377581, 0.9528023598820059, 0.976401179941003, 0.9380530973451328, 0.9233038348082596, 0.9646017699115044, 0.976401179941003, 0.9705014749262537, 0.9941002949852508, 0.9616519174041298], "rank-20": [0.9469026548672567, 0.9587020648967551, 0.9823008849557522, 0.9498525073746312, 0.9321533923303835, 0.9734513274336283, 0.976401179941003, 0.9734513274336283, 0.9970501474926253, 0.9734513274336283]}