{"triplet-loss": [0.8993250269727453, 0.30047316597991214, 0.20694130187563325, 0.17772452471363187, 0.14389413209056537, 0.11820614377525558, 0.10348299323918415, 0.10180543197250841, 0.07982489623228378, 0.08042636216676909, 0.0733404438880789, 0.05745865580350458, 0.05402880343933438, 0.0575668792676589, 0.04367043282465384, 0.0408121840873628, 0.04789322904277085, 0.042966386229047346, 0.027645182879363184, 0.03634309700838726], "id-loss": [2.2874031338184775, 1.2147106129267684, 0.6980679683709066, 0.49757973240855524, 0.3813332771028445, 0.29064914597928576, 0.2296317291447577, 0.2203451079437107, 0.16441551499003762, 0.1441684539974791, 0.15588805519943233, 0.09936834613537722, 0.10345287919630439, 0.11528584069999374, 0.08463258243608172, 0.07169516940304668, 0.1029781665102048, 0.07797323829791547, 0.05281723863935443, 0.06967807228974202], "total-loss": [3.186728162622927, 1.5151837792903482, 0.9050092712737793, 0.6753042583226959, 0.525227407828914, 0.40885528951165484, 0.3331147223328893, 0.3221505411352925, 0.24424041085760495, 0.22459481605054019, 0.2292284985715709, 0.15682700158151383, 0.1574816827996258, 0.1728527199102185, 0.12830301473686662, 0.11250735321764568, 0.1508713955004002, 0.12093962540752289, 0.08046242091154983, 0.10602116887370647], "mAP": [0.6502741972605387, 0.6158214410146078, 0.6604296366373698, 0.7090144157409668, 0.6541965007781982, 0.6650815804799398, 0.661484956741333, 0.6637243032455444, 0.6742892265319824, 0.670043150583903, 0.6285826365152994, 0.6636810302734375, 0.6164236863454183, 0.637492299079895, 0.5995316505432129, 0.6770821412404379, 0.6904747486114502, 0.6624004046122233, 0.6584289868672689, 0.6588350931803385], "mINP": [0.36622321605682373, 0.350011666615804, 0.33856908480326336, 0.3527600367863973, 0.3515113592147827, 0.36073803901672363, 0.35991724332173664, 0.35873182614644367, 0.3382871150970459, 0.35632816950480145, 0.3350830872853597, 0.3365303675333659, 0.33673858642578125, 0.3412677049636841, 0.34244616826375324, 0.3425346612930298, 0.34016219774882, 0.34711702664693195, 0.34150445461273193, 0.33714723587036133], "rank-1": [1.0, 1.0, 1.0, 1.0, 1.0, 1.0, 1.0, 1.0, 1.0, 1.0, 1.0, 1.0, 1.0, 1.0, 1.0, 1.0, 1.0, 1.0, 1.0, 1.0], "rank-2": [1.0, 1.0, 1.0, 1.0, 1.0, 1.0, 1.0, 1.0, 1.0, 1.0, 1.0, 1.0, 1.0, 1.0, 1.0, 1.0, 1.0, 1.0, 1.0, 1.0], "rank-5": [1.0, 1.0, 1.0, 1.0, 1.0, 1.0, 1.0, 1.0, 1.0, 1.0, 1.0, 1.0, 1.0, 1.0, 1.0, 1.0, 1.0, 1.0, 1.0, 1.0], "rank-10": [1.0, 1.0, 1.0, 1.0, 1.0, 1.0, 1.0, 1.0, 1.0, 1.0, 1.0, 1.0, 1.0, 1.0, 1.0, 1.0, 1.0, 1.0, 1.0, 1.0], "rank-15": [1.0, 1.0, 1.0, 1.0, 1.0, 1.0, 1.0, 1.0, 1.0, 1.0, 1.0, 1.0, 1.0, 1.0, 1.0, 1.0, 1.0, 1.0, 1.0, 1.0], "rank-20": [1.0, 1.0, 1.0, 1.0, 1.0, 1.0, 1.0, 1.0, 1.0, 1.0, 1.0, 1.0, 1.0, 1.0, 1.0, 1.0, 1.0, 1.0, 1.0, 1.0]}