{"total-loss": [4.203732759565921, 1.5851717281851683, 0.9211792986974254, 0.725165830354567, 0.5130415811698448, 0.41281432053493755, 0.36011168630877594, 0.2660151367235157, 0.2415979218853822, 0.2565213440506308, 0.19671076617013822, 0.4273441249875956], "triplet-loss": [0.6957092406312088, 0.23926474511422016, 0.16378865290332484, 0.14798116016092602, 0.1275350749828257, 0.11464154899858676, 0.10604195459536067, 0.08863680210669299, 0.07979810796678066, 0.07730464768168088, 0.06902349256985896, 0.11505637103104377], "id-loss": [3.399969499121915, 1.3369041992066142, 0.7515360142800722, 0.5715683676629655, 0.37963023891689274, 0.2918504679298683, 0.24834068650683924, 0.17125678659355906, 0.15489343564203828, 0.1723399421188095, 0.12097855979342828, 0.30530973675745743], "center-loss": [0.10805401086900593, 0.00900277667175475, 0.005854630716295015, 0.0056163027540671534, 0.005876271324735638, 0.006322302184852159, 0.005729043905031742, 0.0061215485733522625, 0.006906377822307551, 0.006876753407440291, 0.0067087129531386265, 0.006978015406980171], "mAP": [0.47457066538762904, 0.5176838112440081, 0.5439866327606471, 0.5581060088841261, 0.5684289622799134, 0.5359044707981886, 0.5515731766512261], "mINP": [0.18719120081898738, 0.21092897038192523, 0.19290818295999262, 0.20942260382098082, 0.18191501313606195, 0.16125627815899243, 0.21407520665531665], "rank-1": [0.9262536873156342, 0.9587020648967551, 0.9616519174041298, 0.9587020648967551, 0.967551622418879, 0.9646017699115044, 0.9646017699115044], "rank-2": [0.967551622418879, 0.9646017699115044, 0.976401179941003, 0.9705014749262537, 0.9734513274336283, 0.9734513274336283, 0.9823008849557522], "rank-5": [0.9823008849557522, 0.9852507374631269, 0.9823008849557522, 0.9793510324483776, 0.9793510324483776, 0.9823008849557522, 0.9852507374631269], "rank-10": [0.9882005899705014, 0.9911504424778761, 0.9882005899705014, 0.9941002949852508, 0.9823008849557522, 0.9911504424778761, 0.9911504424778761], "rank-15": [0.9911504424778761, 0.9911504424778761, 0.9911504424778761, 0.9970501474926253, 0.9852507374631269, 0.9941002949852508, 0.9941002949852508], "rank-20": [0.9911504424778761, 0.9911504424778761, 0.9941002949852508, 0.9970501474926253, 0.9882005899705014, 0.9941002949852508, 0.9941002949852508]}