{"triplet-loss": [0.08732065502218567], "id-loss": [0.15638780969757218], "total-loss": [0.2690875057701592], "center-loss": [0.0253790422441828], "mAP": [0.2975722456400373], "mINP": [0.14312739639507283], "rank-1": [0.6076696165191741], "rank-2": [0.6991150442477876], "rank-5": [0.8141592920353983], "rank-10": [0.887905604719764], "rank-15": [0.9085545722713865], "rank-20": [0.9203539823008849]}