{"triplet-loss": [0.27790531258646434, 0.08196575489155082, 0.0980315806461727, 0.08198465253427575, 0.05188903286805581], "id-loss": [0.20492814228780246, 0.19987854292226392, 0.18881846622771203, 0.21853528070291411, 0.19786093005310262], "total-loss": [0.4828334543792116, 0.28184430068513483, 0.2868500468738847, 0.30051993214806844, 0.24974996306967498], "mAP": [0.5399608214696249, 0.4912710984547933, 0.5180412928263346, 0.5471165180206299, 0.47215700149536133], "mINP": [0.33987343311309814, 0.3355749050776164, 0.3550604184468587, 0.3381158510843913, 0.35966583093007404], "rank-1": [1.0, 1.0, 1.0, 1.0, 1.0], "rank-2": [1.0, 1.0, 1.0, 1.0, 1.0], "rank-5": [1.0, 1.0, 1.0, 1.0, 1.0], "rank-10": [1.0, 1.0, 1.0, 1.0, 1.0], "rank-15": [1.0, 1.0, 1.0, 1.0, 1.0], "rank-20": [1.0, 1.0, 1.0, 1.0, 1.0]}