{"mAP": [0.4345174070775084], "mINP": [0.05822903176243118], "rank-1": [0.9453681710213777], "rank-2": [0.9720902612826603], "rank-5": [0.9833729216152018], "rank-10": [0.9893111638954869], "rank-15": [0.9913895486935868], "rank-20": [0.9919833729216152]}