{"mAP": [0.38211256996790566], "mINP": [0.06842547260721525], "rank-1": [0.7356666666666667], "rank-2": [0.7833333333333333], "rank-5": [0.8326666666666667], "rank-10": [0.8686666666666667], "rank-15": [0.8816666666666667], "rank-20": [0.8896666666666667]}