{"mAP": [0.48160429983019076], "mINP": [0.05995792867147229], "rank-1": [0.872248427672956], "rank-2": [0.9060534591194969], "rank-5": [0.9355345911949685], "rank-10": [0.9453616352201258], "rank-15": [0.9536163522012578], "rank-20": [0.9583333333333334]}