{"total-loss": [13.308162072090932, 6.087475454262072, 5.379291021632323, 4.554990035789122, 3.854511148702671, 3.350598367683967, 2.7348466824247457, 2.480835644512153, 2.0059235626451755, 1.8047544911264342, 1.6016946494652993, 1.4203085460606848, 1.294901850233856, 1.1298607287396607, 0.9401637325604413, 0.8878052974642429, 0.8638357293500815, 0.7263236331289499, 0.7159790950694912, 0.6174653684179332, 0.5698345038114284, 0.5284586608299366, 0.45585730774684985, 0.4581101021564788, 0.4676092172039233, 0.42513675771639836, 0.3435988504824094, 0.371338220091585, 0.381731933290749, 0.31912039741065024, 0.17249026697706626, 0.11312790635258174, 0.10323435372285308, 0.10157085096288579, 0.07530065900804081, 0.0716577770886511, 0.0655215024652477, 0.07030983177927894, 0.04881516088602724, 0.056937881850607136, 0.053466801541173246, 0.04370388104708594, 0.05458700845429908, 0.047729541461652016, 0.04420839801596781, 0.041727518429844776, 0.04362511159551036, 0.03942919596592949, 0.03488698781538701], "id-loss": [6.7238774523599485, 5.80254713949668, 5.17517337221445, 4.402040735605473, 3.7075221288042104, 3.175644099786049, 2.6108092461587176, 2.3134036462740197, 1.8717292183998635, 1.6667232094942712, 1.451181544693203, 1.256903798972131, 1.125163880926275, 0.9891962701148539, 0.8129781345814945, 0.7615540301972915, 0.7039426363617808, 0.5999649653374707, 0.5776176356856696, 0.49092264581190787, 0.4517949485992472, 0.4185470241146123, 0.3558781964644532, 0.3414691528685308, 0.3527581313525975, 0.3158135403451891, 0.23645213862641615, 0.2672433527318901, 0.27491410843779335, 0.22915758511177592, 0.08324091002908886, 0.039359071077535744, 0.03132731924859858, 0.025924454397324482, 0.022715958434931113, 0.02209145930958037, 0.01705030090352854, 0.018539022629004493, 0.015839997254867063, 0.014259473627698102, 0.014631441744573329, 0.013703805895072764, 0.015658805471893106, 0.012901451318184886, 0.010533594047454882, 0.009855313220240015, 0.01137486911720636, 0.009780472268301713, 0.009675608347602116], "triplet-loss": [2.2128808661669086, 0.26753518505687324, 0.18825467300171905, 0.13571937912695192, 0.12076021016233489, 0.1351817783580722, 0.08608571484187624, 0.10671222274397743, 0.07768031695975067, 0.06390645290518868, 0.07313881082315232, 0.07747083920778244, 0.07738266094174462, 0.0537621137698737, 0.05268613826506512, 0.04121984548783862, 0.07045727092381314, 0.046859965934815305, 0.05930382102654213, 0.04728556765135198, 0.04250837811838711, 0.036143148076180624, 0.029030913484774355, 0.040167278298194095, 0.03670996035206303, 0.037197580406780735, 0.03652331877697826, 0.03829508438724817, 0.03466872837767465, 0.027974934343649224, 0.025718500462391762, 0.02026048977715418, 0.018583384364364467, 0.026383714315254696, 0.018012684911526324, 0.012262962813798812, 0.01856825266802414, 0.017692819164032106, 0.00818249338268497, 0.014203291658049608, 0.014802619916178535, 0.009398382833994216, 0.017083568878388966, 0.012937925617833367, 0.01294763165218721, 0.011768594264468392, 0.012331034873044683, 0.010873126830762928, 0.008496023125126866], "center-loss": [4.371403690175343, 0.01739312634816018, 0.01586297681504499, 0.017229927375645587, 0.026228811220025322, 0.039772488856031955, 0.03795172123074974, 0.06071977653023781, 0.056514029769855464, 0.07412482960188786, 0.07737429502646914, 0.0859339096167842, 0.09235530648246978, 0.08690234468915996, 0.07449945939154501, 0.08503142094103751, 0.08943582272758001, 0.07949870127645794, 0.07905763813164385, 0.0792571564650506, 0.0755311779410789, 0.07376848809577626, 0.07094819790353292, 0.07647367050164415, 0.07814112580087777, 0.07212563698054539, 0.07062339302893769, 0.06579978307260129, 0.07214909622489449, 0.06198787799724395, 0.0635308566260323, 0.05350834568697678, 0.053323650472464755, 0.049262682590702704, 0.0345720154945871, 0.037303354918072636, 0.029902948957622716, 0.034077990051860865, 0.024792670393166936, 0.02847511650550056, 0.024032740090479808, 0.020601692090296775, 0.02184463401033793, 0.021890164367919063, 0.020727172143969165, 0.02010361091849683, 0.019919207706421208, 0.018775597042018463, 0.016715356534432128], "mAP": [0.015080648131509292, 0.06454587924225597, 0.15250474455237673, 0.2493160368781758, 0.291420330839882, 0.32540859236003666, 0.3348258361397333, 0.33736591037548636, 0.3659608148905557, 0.3492199118799948, 0.36263325406933056, 0.38176918751836675, 0.3548015647716024, 0.38447028511776776, 0.35737881149362216, 0.4229107748301182, 0.4345675116480105, 0.4329351807575045, 0.4371202647544426, 0.42844062824147333, 0.43478066762665957, 0.4363821054014627, 0.442341501101179, 0.441504305374594, 0.4345245381149147], "mINP": [0.0020580016775609764, 0.0060738055533209635, 0.012889284264482116, 0.023331684633346183, 0.02818323728449271, 0.03398107807649711, 0.03402521645300745, 0.03479874908322393, 0.040516164180360324, 0.03450952088482448, 0.03664629457124693, 0.04213802965088015, 0.030958289125682055, 0.045172398516160575, 0.03340747728589878, 0.05229158661020765, 0.05840690327794988, 0.056713210078146566, 0.06007525829195693, 0.056761485787723526, 0.05859580940418742, 0.05966698856152718, 0.06146747157013048, 0.060948816232047, 0.0595378781671054], "rank-1": [0.06947743467933491, 0.30077197149643703, 0.6475653206650831, 0.8266033254156769, 0.8833135391923991, 0.9061757719714965, 0.921021377672209, 0.9228028503562945, 0.9296318289786223, 0.9293349168646081, 0.940914489311164, 0.9435866983372921, 0.9397268408551069, 0.9391330166270784, 0.9370546318289786, 0.9504156769596199, 0.952790973871734, 0.9492280285035629, 0.9468527315914489, 0.9456650831353919, 0.9459619952494062, 0.9492280285035629, 0.9510095011876485, 0.9489311163895487, 0.9477434679334917], "rank-2": [0.09916864608076009, 0.3916270783847981, 0.7235748218527316, 0.8788598574821853, 0.9257719714964371, 0.9370546318289786, 0.9477434679334917, 0.9471496437054632, 0.9542755344418052, 0.952790973871734, 0.9614014251781473, 0.9649643705463183, 0.9608076009501187, 0.9619952494061758, 0.959916864608076, 0.9697149643705463, 0.9729809976247031, 0.9706057007125891, 0.9691211401425178, 0.9691211401425178, 0.9670427553444181, 0.9691211401425178, 0.9717933491686461, 0.9691211401425178, 0.9706057007125891], "rank-5": [0.1514251781472684, 0.5041567695961995, 0.8076009501187649, 0.9260688836104513, 0.9569477434679335, 0.9640736342042755, 0.9732779097387173, 0.9688242280285035, 0.9717933491686461, 0.9759501187648456, 0.9780285035629454, 0.9809976247030879, 0.9774346793349169, 0.9780285035629454, 0.9774346793349169, 0.9830760095011877, 0.9848574821852731, 0.9833729216152018, 0.982185273159145, 0.9824821852731591, 0.982185273159145, 0.9824821852731591, 0.9848574821852731, 0.9830760095011877, 0.9851543942992874], "rank-10": [0.20961995249406176, 0.5979809976247031, 0.8565914489311164, 0.9477434679334917, 0.9697149643705463, 0.9771377672209026, 0.9845605700712589, 0.9783254156769596, 0.9827790973871734, 0.9851543942992874, 0.9842636579572447, 0.9872327790973872, 0.9839667458432304, 0.9875296912114014, 0.9833729216152018, 0.9878266033254157, 0.9881235154394299, 0.9890142517814727, 0.9884204275534442, 0.9878266033254157, 0.9884204275534442, 0.9881235154394299, 0.9907957244655582, 0.9896080760095012, 0.9904988123515439], "rank-15": [0.24495249406175773, 0.6517220902612827, 0.8868764845605701, 0.9614014251781473, 0.9759501187648456, 0.9809976247030879, 0.9890142517814727, 0.9842636579572447, 0.9863420427553444, 0.9890142517814727, 0.9884204275534442, 0.9904988123515439, 0.9890142517814727, 0.9902019002375297, 0.9875296912114014, 0.9910926365795725, 0.9922802850356295, 0.9922802850356295, 0.9916864608076009, 0.9899049881235155, 0.9913895486935868, 0.9896080760095012, 0.9916864608076009, 0.9910926365795725, 0.9934679334916865],