{"total-loss": [13.308162072090932, 6.087475454262072, 5.379291021632323, 4.554990035789122, 3.854511148702671, 3.350598367683967, 2.7348466824247457, 2.480835644512153, 2.0059235626451755, 1.8047544911264342, 1.6016946494652993, 1.4203085460606848, 1.294901850233856, 1.1298607287396607, 0.9401637325604413], "id-loss": [6.7238774523599485, 5.80254713949668, 5.17517337221445, 4.402040735605473, 3.7075221288042104, 3.175644099786049, 2.6108092461587176, 2.3134036462740197, 1.8717292183998635, 1.6667232094942712, 1.451181544693203, 1.256903798972131, 1.125163880926275, 0.9891962701148539, 0.8129781345814945], "triplet-loss": [2.2128808661669086, 0.26753518505687324, 0.18825467300171905, 0.13571937912695192, 0.12076021016233489, 0.1351817783580722, 0.08608571484187624, 0.10671222274397743, 0.07768031695975067, 0.06390645290518868, 0.07313881082315232, 0.07747083920778244, 0.07738266094174462, 0.0537621137698737, 0.05268613826506512], "center-loss": [4.371403690175343, 0.01739312634816018, 0.01586297681504499, 0.017229927375645587, 0.026228811220025322, 0.039772488856031955, 0.03795172123074974, 0.06071977653023781, 0.056514029769855464, 0.07412482960188786, 0.07737429502646914, 0.0859339096167842, 0.09235530648246978, 0.08690234468915996, 0.07449945939154501], "mAP": [0.015080648131509292, 0.06454587924225597, 0.15250474455237673, 0.2493160368781758, 0.291420330839882, 0.32540859236003666, 0.3348258361397333, 0.33736591037548636], "mINP": [0.0020580016775609764, 0.0060738055533209635, 0.012889284264482116, 0.023331684633346183, 0.02818323728449271, 0.03398107807649711, 0.03402521645300745, 0.03479874908322393], "rank-1": [0.06947743467933491, 0.30077197149643703, 0.6475653206650831, 0.8266033254156769, 0.8833135391923991, 0.9061757719714965, 0.921021377672209, 0.9228028503562945], "rank-2": [0.09916864608076009, 0.3916270783847981, 0.7235748218527316, 0.8788598574821853, 0.9257719714964371, 0.9370546318289786, 0.9477434679334917, 0.9471496437054632], "rank-5": [0.1514251781472684, 0.5041567695961995, 0.8076009501187649, 0.9260688836104513, 0.9569477434679335, 0.9640736342042755, 0.9732779097387173, 0.9688242280285035], "rank-10": [0.20961995249406176, 0.5979809976247031, 0.8565914489311164, 0.9477434679334917, 0.9697149643705463, 0.9771377672209026, 0.9845605700712589, 0.9783254156769596], "rank-15": [0.24495249406175773, 0.6517220902612827, 0.8868764845605701, 0.9614014251781473, 0.9759501187648456, 0.9809976247030879, 0.9890142517814727, 0.9842636579572447], "rank-20": [0.27731591448931114, 0.6885391923990499, 0.9043942992874109, 0.9670427553444181, 0.9807007125890737, 0.9830760095011877, 0.9902019002375297, 0.9860451306413301]}