{"mAP": [0.10796016498406728], "mINP": [0.03937569015348951], "rank-1": [0.35833333333333334], "rank-2": [0.392], "rank-5": [0.42833333333333334], "rank-10": [0.4563333333333333], "rank-15": [0.4716666666666667], "rank-20": [0.48433333333333334]}