{"mAP": [0.47954870128631594], "mINP": [0.09189092741409938], "rank-1": [0.833], "rank-2": [0.8703333333333333], "rank-5": [0.9], "rank-10": [0.9163333333333333], "rank-15": [0.9266666666666666], "rank-20": [0.9333333333333333]}