{"mAP": [0.5445852477876645], "mINP": [0.09003959248229018], "rank-1": [0.914308176100629], "rank-2": [0.9339622641509434], "rank-5": [0.9488993710691824], "rank-10": [0.9587264150943396], "rank-15": [0.9638364779874213], "rank-20": [0.9669811320754716]}