{"mAP": [0.5069578408911789], "mINP": [0.08233656934208089], "rank-1": [0.9759501187648456], "rank-2": [0.9863420427553444], "rank-5": [0.9904988123515439], "rank-10": [0.9937648456057007], "rank-15": [0.9958432304038005], "rank-20": [0.996437054631829]}