{"total-loss": [6.789536740193408, 4.28597586352392, 2.6289674560130747, 1.6582282469947494, 1.0848529274185155, 0.7771992405372291, 0.6093838788955778, 0.5094142831419911, 0.40011736669327846, 0.3571268155473217, 0.3196941554956184, 0.27957550011263244, 0.24662759497452916, 0.24344357230425126, 0.2188737773979992, 0.19718730109834431, 0.1661547098904333, 0.17489258109506856, 0.1550798162816552, 0.1622425195867799, 0.13830637180006405, 0.13848271256713166, 0.13304915417501129, 0.1310047327662195, 0.1267058270733479, 0.1248798476443531, 0.11403191824388524, 0.09245916122102653, 0.10154970515225932, 0.09311409810920789, 0.057130193183924316, 0.03366193035082117, 0.03226389594308895, 0.033704482418151695, 0.02671697338992393, 0.02419091418852831, 0.022809602465861514, 0.023686010828348907, 0.019802205671122296, 0.022907731858924186, 0.02507709901154379, 0.020422173335647345, 0.017623873896627052, 0.020940578292049667, 0.02146555627963803, 0.021937027932885805, 0.018568156599615263, 0.020723089690063683, 0.021310657713804835, 0.02075476503477543, 0.015678667741226057, 0.018131848983874536, 0.017207999825213146, 0.018903824573590213, 0.020787057928507043, 0.013856609037384077, 0.021687058604498974, 0.01760737605296942, 0.016894590338129158, 0.014596509650251228, 0.01680400890428597, 0.014887205921636617, 0.015763994734348214, 0.015303177831047166, 0.012228727036726322, 0.013917690967472876, 0.015432061680832608, 0.0187645570376585, 0.015453816802844085, 0.014613004926668999, 0.016978911666872498, 0.013826503123568645, 0.014853443613882506, 0.01580060300735682, 0.019235814979594718, 0.01469916020956856, 0.015027207951002508, 0.016062939977250664, 0.01620200226023433, 0.014543700908820578, 0.01605175616573201, 0.017574939708383978, 0.013943234038523903, 0.018553207503540677, 0.017843639454739126, 0.010040306764494165, 0.015358131963475217, 0.01570080840137314, 0.017835024833974415, 0.019798389163654003, 0.0211609587701167, 0.013004420696292878, 0.013804484592242823, 0.01561952510054755, 0.011473786546086547, 0.020615591004632124, 0.010833565058853394, 0.012441487869335662, 0.01662507505526067], "id-loss": [6.204521229299538, 4.192549849912174, 2.565963126746627, 1.5945096897106383, 1.030856738665932, 0.7309924109812426, 0.5550757979350199, 0.4650643123049008, 0.3663611166301208, 0.3162254117951902, 0.28040202616797977, 0.2432177401414286, 0.20231118668781647, 0.20202430519478268, 0.1864054031207886, 0.16319008858559875, 0.13119669119331426, 0.14061052981109765, 0.12931749635974732, 0.12536304261155798, 0.11046500827972819, 0.10387691950760038, 0.10732982847832309, 0.09344661993620548, 0.09625108350701564, 0.09162430233401661, 0.08659503834048829, 0.06899494649645507, 0.07333749589064423, 0.06878741193407541, 0.02771314415258811, 0.011051145468010313, 0.006700288599495926, 0.005736420195272444, 0.00329627555635107, 0.004010843628195145, 0.0027798814455421046, 0.0019371245786727093, 0.0018524235825639046, 0.0018801037185449607, 0.0024256801415634285, 0.0010554767342763343, 0.0013493314432081517, 0.0015898217035422498, 0.0018214531212741932, 0.0009144456442827538, 0.0010867299037191586, 0.0009820642618164031, 0.0007433429533682458, 0.0007876720462709057, 0.0007917567376290006, 0.0009315922206977653, 0.0006256365444218733, 0.0009271169905408665, 0.000983692081642568, 0.0004264860194263901, 0.0008536923560173704, 0.00037517188947893933, 0.0004946818391949954, 0.0006732155663373243, 0.00034947029465614394, 0.0007274726048771686, 0.0004117209833467096, 0.0008347618433862763, 0.0006101693224607506, 0.00021680813676832543, 0.00042896584448382066, 0.000242129598330914, 0.00021434092739474415, 0.0003234153750507287, 0.0003063697482767516, 0.00046312439115590154, 0.0001575905555254438, 0.00019822320852288998, 0.00038127729021537134, 0.000372713800518895, 0.00015687035190528414, 0.0004510194475498944, 0.0006789673269863307, 0.0002518751501378375, 0.0003918445178693145, 0.00024400159353394471, 0.00016796230221404113, 0.0002137479708830786, 0.0003443908612004571, 0.0001423233107867988, 0.0003210291395571008, 0.00024568698673336456, 0.00018940230298085086, 0.00011364803533806997, 0.0003247437740229207, 0.00014384997879751568, 0.00014100943788984634, 0.00012793758146689566, 0.00015513415494108069, 0.00016291413136052815, 0.00011533050236372535, 0.00016323107368749408, 0.0001031874667179647], "triplet-loss": [0.46318067347329245, 0.0887658123493342, 0.0587299779075922, 0.057930461961053066, 0.048647453973923976, 0.04035201406265219, 0.04939235514778142, 0.0397140732212326, 0.029007709245525568, 0.03515973798608309, 0.033586871344020545, 0.031202018316213515, 0.03835563966716618, 0.035961998748617205, 0.02674787867312378, 0.028684803283553485, 0.030011089774233154, 0.029109412995345512, 0.020552719497710134, 0.031138218856417793, 0.022849757422328143, 0.029326776684951428, 0.021447049875194565, 0.03144444664307077, 0.024789358117377064, 0.027693355591836465, 0.02182506245868315, 0.01867336944684994, 0.02280867633919781, 0.019423871919310137, 0.022924420095713088, 0.017248626416192212, 0.01915773518190101, 0.02179810114674574, 0.01780826454735804, 0.014576514604949244, 0.014969623483008301, 0.016290321669855577, 0.012800857516832199, 0.015993147821376293, 0.017294823939190216, 0.01432361161826715, 0.011061193658630692, 0.014005288048860316, 0.014646063011936264, 0.015606890162004087, 0.012619303214756314, 0.014376685143032829, 0.015150102949039308, 0.015025539777261218, 0.010122515298011718, 0.012172818810152919, 0.012048157454642142, 0.012104041828360635, 0.014615940360630988, 0.008660151246746331, 0.015017707448807281, 0.011777940479064606, 0.01143269314533111, 0.009039390974934816, 0.011540144562205513, 0.009864756798346346, 0.010650596389148675, 0.00932228758618033, 0.007556671753286284, 0.009319254711767653, 0.009840869131798503, 0.013898124902224807, 0.010604516638739883, 0.010138238426781408, 0.011674037518622112, 0.008912861393246574, 0.009815997813629131, 0.010737215761643258, 0.013877738833574783, 0.009504198908290108, 0.010454817123628222, 0.010398424250086394, 0.010102880605219026, 0.009881224736516054, 0.01151387585034624, 0.012701904044310448, 0.009150237729139764, 0.013684844775459233, 0.012071534291333409, 0.005608244146345867, 0.010047143382769727, 0.010428120072456757, 0.013392757877652223, 0.014196737053515148, 0.015777456644365313, 0.008163937771570845, 0.009298760319596021, 0.010502483718769513, 0.007297662541509706, 0.015473680899965453, 0.006340847229780756, 0.008117475960178045, 0.011599142274765209],