{"total-loss": [2.2186078695449702, 0.5524857770883903, 0.34011808309292274, 0.2429849958750986, 0.18774061007799414, 0.14855472042049503, 0.12507558480538225, 0.10565597266747896, 0.09220289956121906, 0.08335439684689694, 0.07294964997612957, 0.06942536925472939, 0.06326677918022232, 0.05927977395441886, 0.05516945293809116, 0.053145683274086516, 0.049361478392570005, 0.04736664837938579, 0.04453285067233562, 0.043446141274192975, 0.04044344658829604, 0.04012028302294133, 0.039126785972562673, 0.03706043513733162, 0.037030697979105354, 0.03511091207335347, 0.0349410759354711, 0.035153297728520785, 0.03360707592329021, 0.032366335888935116, 0.012053066601577875, 0.004740687369739297, 0.003341332582281013, 0.0026543184523329464, 0.0021732816185205425, 0.002184570343849945, 0.002104776094465234, 0.001810675262020767, 0.0016510271239523542, 0.0016997295356625474, 0.0015253005987837889, 0.0015268948735714188, 0.0015233380815798993, 0.0015928468165311157, 0.0014446825098032978, 0.0014456225516988335, 0.0013635275374920264, 0.0014838375108997075, 0.001276538271016442, 0.0012345725516621777], "triplet-loss": [0.006495379975117667, 0.001055310303636897, 0.0009990202429210563, 0.0010056159563990028, 0.0009080962459286233, 0.0009422170647859534, 0.0008788414286390613, 0.0008105073911888644, 0.000866944356073831, 0.0008729208013170352, 0.0008600705178358159, 0.0008393884941289399, 0.0008318660914568611, 0.0007920653428137053, 0.0008708681180267384, 0.0007357693536285977, 0.0008460739806790897, 0.0008186793811438412, 0.0007159821473956407, 0.0008150025124468437, 0.0007702061944190091, 0.0007851319217600057, 0.0007618970307681342, 0.0007797310173401735, 0.000794736200077598, 0.0007879374963233723, 0.0008053447038968085, 0.000819659399430935, 0.0007362457673024357, 0.0008074412056569695, 0.0007720455918981865, 0.0007495061685726429, 0.0006871424676504603, 0.0006895523918108108, 0.0006398558454479222, 0.0007051352412132248, 0.0006732275023764549, 0.000653222903344832, 0.0006055027419860571, 0.0006502781240445733, 0.0005830547981439435, 0.0005240465060472688, 0.0006277844546496539, 0.0006100819436011553, 0.0005509056460886331, 0.0006441744579235832, 0.0005297817014782708, 0.0005739167206040503, 0.0005556570514774633, 0.0005238436479929123], "id-loss": [2.2087868656411147, 0.5511629573709885, 0.33888706168212157, 0.24175153452156536, 0.18660502047301777, 0.147351153542169, 0.12393159467288521, 0.10457203138694456, 0.0910409245878899, 0.08216907363133051, 0.07176562019681665, 0.06825239065904805, 0.062069734433689946, 0.05811656386451704, 0.05389473053027982, 0.05201686909961176, 0.04811850875253155, 0.04614343461477973, 0.04342567859486657, 0.04218164201558581, 0.03921846990344876, 0.038858669568064934, 0.037880358664018156, 0.035784130550081, 0.035700037687598364, 0.03376478396130319, 0.033593792972659395, 0.03378302566650604, 0.03233343782913498, 0.030985720648210577, 0.010736811090926359, 0.0034504921781330477, 0.0021354475436122255, 0.0014310785328551354, 0.0009955161940027487, 0.0009533311215520186, 0.0008925852522555274, 0.0006604285514476329, 0.0005657747618619125, 0.0005512207955728878, 0.00048675619787871957, 0.0005500338468351327, 0.00045693738827808295, 0.0005164030211622281, 0.0004534246775706107, 0.0003498679603534503, 0.00042431706721236166, 0.0004946099175823351, 0.00029387497065829355, 0.000316936489574045], "center-loss": [0.0033256241037600376, 0.0002675093590374697, 0.00023200124910382962, 0.00022784543414008457, 0.00022749330276094105, 0.00026134980664691937, 0.000265148704173326, 0.00027343386150887927, 0.00029503061333352476, 0.00031240244087024405, 0.0003239592589951452, 0.00033359008252401197, 0.0003651786491101161, 0.0003711447549454482, 0.00040385427331402244, 0.0003930448171596879, 0.00039689566031831313, 0.0004045343903978236, 0.00039118993434415474, 0.00044949674955373816, 0.00045477050096086894, 0.0004764815274782504, 0.00048453029512780853, 0.0004965735689514266, 0.0005359240740224786, 0.0005581906208431944, 0.0005419382646799193, 0.0005506126340579874, 0.0005373923163828585, 0.000573174037067073, 0.0005442099151948102, 0.0005406890257338914, 0.000518742564124155, 0.0005336875286122634, 0.0005379095747136827, 0.000526103975652027, 0.000538963337899085, 0.0004970238001459973, 0.0004797496184070969, 0.0004982306123986213, 0.00045548960251227976, 0.0004528145216292986, 0.0004386162368645007, 0.0004663618492254974, 0.0004403521847886738, 0.00045158013846626724, 0.0004094287666639062, 0.00041531087083510927, 0.00042700624796190704, 0.00039379241446219895], "mAP": [0.5418073879877726, 0.6098001276652019, 0.6208320169448852, 0.6207729037602743, 0.6316757055918376, 0.6243015104929606, 0.6328780040740967, 0.6334084882736206, 0.6344413166046142, 0.6356615721384684, 0.634173526763916, 0.6255449603398641, 0.6364921607971191, 0.6318551540374756, 0.6419154036839803, 0.6547389837900798, 0.6562319577534993, 0.663644045829773, 0.6613509413401286, 0.660994891166687, 0.6613170798619589, 0.6652377983729044, 0.6666957931518555, 0.6629568134943644, 0.662279863357544, 0.6587006797790528], "mINP": [0.11649087053537369, 0.16253976655006408, 0.170838512301445, 0.17010803039868672, 0.1754551788965861, 0.1718567781051, 0.17792141262690225, 0.17890564616521198, 0.17970941678682964, 0.17987374059359232, 0.18283676052093506, 0.1759113552570343, 0.18136741201082865, 0.17931415716807048, 0.18387759176890056, 0.1951101243098577, 0.19711544473965964, 0.2017687122821808, 0.19894068511327107, 0.19917047357559203, 0.20206384388605753, 0.20198120443026224, 0.2031060165564219, 0.20018072215716043, 0.19737591656049092, 0.1985653243859609], "rank-1": [0.874, 0.8983333333333333, 0.9103333333333333, 0.91, 0.911, 0.9096666666666666, 0.9123333333333333, 0.9163333333333333, 0.9143333333333333, 0.9183333333333333, 0.9143333333333333, 0.9126666666666666, 0.913, 0.9143333333333333, 0.9183333333333333, 0.917, 0.917, 0.9213333333333333, 0.924, 0.922, 0.9223333333333333, 0.9226666666666666, 0.9223333333333333, 0.924, 0.9243333333333333, 0.925], "rank-2": [0.8976666666666666, 0.9216666666666666, 0.9313333333333333, 0.932, 0.9326666666666666, 0.9323333333333333, 0.935, 0.9393333333333334, 0.935, 0.9376666666666666, 0.9383333333333334, 0.9376666666666666, 0.9356666666666666, 0.9356666666666666, 0.937, 0.9433333333333334, 0.941, 0.945, 0.9416666666666667, 0.9423333333333334, 0.944, 0.945, 0.946, 0.945, 0.9446666666666667, 0.943], "rank-5": [0.925, 0.9496666666666667, 0.955, 0.9536666666666667, 0.9566666666666667, 0.955, 0.9583333333333334, 0.96, 0.959, 0.9593333333333334, 0.9586666666666667, 0.9563333333333334, 0.9566666666666667, 0.958, 0.96, 0.963, 0.9623333333333334, 0.9646666666666667, 0.9633333333333334, 0.965, 0.964, 0.9636666666666667, 0.965, 0.9633333333333334, 0.9673333333333334, 0.965], "rank-10": [0.9433333333333334, 0.962, 0.9663333333333334, 0.966, 0.9683333333333334, 0.967, 0.97, 0.9726666666666667, 0.9686666666666667, 0.9683333333333334, 0.9706666666666667, 0.9686666666666667, 0.9696666666666667, 0.97, 0.971, 0.9736666666666667, 0.972, 0.9753333333333334, 0.9766666666666667, 0.9756666666666667, 0.9763333333333334, 0.9763333333333334, 0.9763333333333334, 0.9756666666666667, 0.9766666666666667, 0.9753333333333334], "rank-15": [0.95, 0.9663333333333334, 0.973, 0.9726666666666667, 0.9773333333333334, 0.9736666666666667, 0.974, 0.9776666666666667, 0.9746666666666667, 0.9756666666666667, 0.9766666666666667, 0.9743333333333334, 0.9776666666666667, 0.976, 0.9753333333333334, 0.9796666666666667, 0.9786666666666667, 0.979, 0.9806666666666667, 0.981, 0.9813333333333333, 0.9813333333333333, 0.979, 0.9806666666666667, 0.981, 0.9803333333333333],