{"mAP": [0.45763895988464354], "mINP": [0.09009112116694451], "rank-1": [0.8216666666666667], "rank-2": [0.8536666666666667], "rank-5": [0.8893333333333333], "rank-10": [0.9093333333333333], "rank-15": [0.9216666666666666], "rank-20": [0.929]}