{"mAP": [0.4974644596471727], "mINP": [0.06751654616926077], "rank-1": [0.898191823899371], "rank-2": [0.9154874213836478], "rank-5": [0.940251572327044], "rank-10": [0.949685534591195], "rank-15": [0.9567610062893082], "rank-20": [0.9638364779874213]}