{"mAP": [0.44947335428410073], "mINP": [0.05460616101172361], "rank-1": [0.9691211401425178], "rank-2": [0.9798099762470309], "rank-5": [0.9896080760095012], "rank-10": [0.9943586698337292], "rank-15": [0.9961401425178147], "rank-20": [0.9961401425178147]}