{"total-loss": [6.858489355433856, 4.510188777308234, 2.9769964169512866, 1.9219906460516827, 1.3312841506101587, 1.0262915890281663, 0.7405599750375792, 0.5996682453573634, 0.51309600671378, 0.39487994025830914, 0.357970029711424, 0.3341848205306483, 0.2674147116261499, 0.2683972117346591, 0.23166160689113138, 0.22195621817651906, 0.19359900364931443, 0.22661121414776614, 0.1695002116548123, 0.17304377512645247, 0.14416155527046237, 0.15714801004721388, 0.1770704094601429, 0.13841714980063816, 0.11469125431920292, 0.12490437968260432, 0.12424517477660466, 0.12148428007137875, 0.10614931177000937, 0.11383279194775371, 0.06457867359019369, 0.04140535236796308, 0.03681576369894234, 0.03275284610377331, 0.02636362270724281, 0.030543106410314224, 0.022530061694044982, 0.03191888362200674, 0.02440931674301989, 0.026791648200250918, 0.029101210500369776, 0.023328183863331825, 0.025541900701418273, 0.021942070906033957, 0.024497972533896212, 0.01838356605713462, 0.017847884239934674, 0.024603879327066872, 0.019702064295436285], "id-loss": [6.2028080942604245, 4.391716533007816, 2.8879360650172194, 1.859498911867625, 1.2849263264458024, 0.9603260206093157, 0.6913483029712632, 0.5587067196124932, 0.4598474020347902, 0.35385258876855574, 0.32198101558350717, 0.2874739752116536, 0.2297840479882814, 0.23387598015894084, 0.19442575781926172, 0.18201503447531545, 0.15525583711790084, 0.18165686769560335, 0.13393423562867704, 0.1346006361472636, 0.11697024511439871, 0.11231823348103612, 0.14559574358429178, 0.10649817197031974, 0.0904023163650894, 0.08979188960154724, 0.09581678062986229, 0.09428090052595808, 0.07532609376375406, 0.08493258271287608, 0.03454382298274563, 0.011688237490713817, 0.008389136421612242, 0.00619721215164334, 0.004728957881532583, 0.0042392801840788865, 0.003000020389699942, 0.003725962855503341, 0.002723733118369211, 0.001977475987796346, 0.0023061801267786545, 0.0021363298208753423, 0.0020612494078492156, 0.002045413078924617, 0.001979274368210432, 0.0008742254529486833, 0.0012092607853580182, 0.0011944186252751756, 0.0014539470437874979], "triplet-loss": [0.47184187684516676, 0.11081769417312885, 0.08211941726975447, 0.05662221397067177, 0.04056734448052455, 0.05785390239195122, 0.04191690713756606, 0.03462504217002831, 0.04536645527933673, 0.034555965857246455, 0.02943306337070406, 0.03864417538249448, 0.03172323408873915, 0.027389418955418028, 0.02953863329955173, 0.03235199339273392, 0.0311473368290623, 0.03665346320723132, 0.02725227341995251, 0.03057605981347882, 0.020730667239876995, 0.036911514370123154, 0.024048428931843367, 0.025068992322911734, 0.017773061207920424, 0.02782139882942655, 0.021183186430571547, 0.02024620955600432, 0.02306663272591545, 0.021110513430590682, 0.022854242137689672, 0.021938906584225124, 0.021056933293973266, 0.01947668334757, 0.01597468277764114, 0.019397186159129786, 0.013384913613533944, 0.021582375553393984, 0.015296245359888183, 0.018283847751664584, 0.019940458017094025, 0.015579580827829127, 0.016953756224608096, 0.01407357447116425, 0.01646248831405628, 0.011810527467462424, 0.011639741087062987, 0.016867751723019537, 0.01172249074403671], "center-loss": [0.18383938926922525, 0.007654552129877222, 0.006940935829905298, 0.005869520527664088, 0.005790479880111806, 0.008111666132234342, 0.007294764818234555, 0.006336483619163188, 0.007882149087101662, 0.006471385713091076, 0.006555950894781442, 0.008066669639490076, 0.0059074294173166765, 0.007131812478702318, 0.007697216282876114, 0.007589190314801315, 0.0071958296705493235, 0.008300883633318289, 0.008313702928231585, 0.007867079227011563, 0.0064606430246155104, 0.00791826259059318, 0.007426237280518553, 0.006849985497189762, 0.006515876764180634, 0.007291091283684313, 0.007245207950242591, 0.0069571697177326286, 0.007756585526373353, 0.007789695707388102, 0.007180608603504702, 0.007778208146771998, 0.007369694023707372, 0.007078950464315666, 0.0056599820244537, 0.006906640128783965, 0.006145127709927348, 0.0066105451127479705, 0.006389338145555171, 0.006530324809888679, 0.006854572523343843, 0.005612273105939364, 0.006526895124138286, 0.0058230834596356374, 0.006056209908722358, 0.005698813165783219, 0.004998882386916316, 0.006541709084643975, 0.0065256265062281615], "mAP": [0.10192896009836513, 0.27885734305812176, 0.3479511140007304, 0.36916274448188635, 0.3782864711346932, 0.37745807841951096, 0.3688074356728098, 0.360334472390082, 0.3807003188019977, 0.3803805920545392, 0.39122595434517304, 0.39434060319868797, 0.4004585202119696, 0.3923687678617989, 0.40255147452309126, 0.41734078689312426, 0.42550507541790145, 0.43247633061046553, 0.42985024977466557, 0.4409083241238447, 0.4414476406829091, 0.446926170884855, 0.44399022418925993, 0.4478722699605937, 0.449766947084821], "mINP": [0.006322483824136846, 0.02111095092712842, 0.03161966475058621, 0.03681856611048949, 0.035645623043214905, 0.033574705585094074, 0.033396053355797733, 0.03027612977880197, 0.03522683212405287, 0.03374769100631784, 0.037158553008512195, 0.04041054634257903, 0.03852513087404595, 0.03944987572747285, 0.03931390441901044, 0.045251150905307284, 0.048407555794489354, 0.04938196789721058, 0.04812563027558304, 0.05306972823417668, 0.051954277390680516, 0.0548121928018374, 0.05396169806319574, 0.055077300201260844, 0.054987623942507134], "rank-1": [0.6425178147268409, 0.9100356294536817, 0.9331947743467933, 0.9474465558194775, 0.959916864608076, 0.9536817102137767, 0.9584323040380047, 0.9507125890736342, 0.955166270783848, 0.9596199524940617, 0.9590261282660333, 0.9569477434679335, 0.9593230403800475, 0.9602137767220903, 0.9616983372921615, 0.963479809976247, 0.9649643705463183, 0.9649643705463183, 0.9655581947743468, 0.9649643705463183, 0.9658551068883611, 0.9676365795724465, 0.9676365795724465, 0.9661520190023754, 0.9694180522565321], "rank-2": [0.7146674584323041, 0.9388361045130641, 0.9524940617577197, 0.9658551068883611, 0.9726840855106889, 0.9723871733966746, 0.9750593824228029, 0.9685273159144893, 0.9720902612826603, 0.9744655581947743, 0.9729809976247031, 0.9726840855106889, 0.9747624703087886, 0.9774346793349169, 0.9759501187648456, 0.9765439429928741, 0.9771377672209026, 0.9768408551068883, 0.9768408551068883, 0.9783254156769596, 0.9804038004750594, 0.9783254156769596, 0.9786223277909739, 0.9783254156769596, 0.9809976247030879], "rank-5": [0.8007719714964371, 0.9625890736342043, 0.9744655581947743, 0.9812945368171021, 0.9842636579572447, 0.9851543942992874, 0.9872327790973872, 0.9833729216152018, 0.9845605700712589, 0.9851543942992874, 0.9842636579572447, 0.9815914489311164, 0.9857482185273159, 0.9872327790973872, 0.9866389548693587, 0.9869358669833729, 0.9857482185273159, 0.9884204275534442, 0.9872327790973872, 0.9887173396674585, 0.9884204275534442, 0.9875296912114014, 0.9872327790973872, 0.9887173396674585, 0.9899049881235155], "rank-10": [0.8527315914489311, 0.9732779097387173, 0.9827790973871734, 0.9890142517814727, 0.9904988123515439, 0.9910926365795725, 0.9922802850356295, 0.9887173396674585, 0.9890142517814727, 0.9896080760095012, 0.9902019002375297, 0.9884204275534442, 0.9904988123515439, 0.9907957244655582, 0.9913895486935868, 0.9928741092636579, 0.9904988123515439, 0.9928741092636579, 0.9931710213776722, 0.9922802850356295, 0.9922802850356295, 0.9928741092636579, 0.9922802850356295, 0.9931710213776722, 0.9949524940617577], "rank-15": [0.8794536817102138, 0.9765439429928741, 0.9866389548693587, 0.9899049881235155, 0.9922802850356295, 0.9919833729216152, 0.994061757719715, 0.9910926365795725, 0.9904988123515439, 0.9913895486935868, 0.9916864608076009, 0.9919833729216152, 0.9916864608076009, 0.9934679334916865, 0.9931710213776722, 0.9937648456057007, 0.9934679334916865, 0.9946555819477435, 0.9949524940617577, 0.9937648456057007, 0.9946555819477435, 0.9934679334916865, 0.9937648456057007, 0.9943586698337292, 0.9958432304038005],