{"mAP": [0.19509070021522867], "mINP": [0.006314043762248602], "rank-1": [0.9412114014251781], "rank-2": [0.958729216152019], "rank-5": [0.9747624703087886], "rank-10": [0.9824821852731591], "rank-15": [0.9857482185273159], "rank-20": [0.9869358669833729]}