{"mAP": [0.2837313526550179], "mINP": [0.013559929014669743], "rank-1": [0.8278301886792453], "rank-2": [0.8604559748427673], "rank-5": [0.8915094339622641], "rank-10": [0.914308176100629], "rank-15": [0.9221698113207547], "rank-20": [0.9276729559748428]}