{"mAP": [0.6687726437250773], "mINP": [0.20551818664868673], "rank-1": [0.9233333333333333], "rank-2": [0.9446666666666667], "rank-5": [0.9653333333333334], "rank-10": [0.975], "rank-15": [0.9803333333333333], "rank-20": [0.9826666666666667]}