{"total-loss": [2.7598276715589427, 0.629910726740153, 0.3871227742758084, 0.2772764722881019, 0.21561737077582985, 0.17914775511629333, 0.14675464689103498, 0.1280269198600505, 0.11157827216679955, 0.10024347030384177, 0.0908153843113463, 0.08353423729331302, 0.07741944198777313, 0.07125058400255997, 0.07003025853772836, 0.06685803549639155, 0.0640113942231451, 0.058678194514158184, 0.05790136852899502, 0.055978932442688846, 0.05268814493525396, 0.05309215406363759, 0.0501684519828498, 0.04833154697053604, 0.048328714005712634, 0.04836491362411829, 0.044672670307657265, 0.04507381375255427, 0.04443856504902831, 0.04399695358934309, 0.025852578313517706, 0.018224991042422468, 0.015396084130971124, 0.01440654087170428, 0.01284067373939171, 0.0133327102673224, 0.013898191691027717, 0.013650525387429861, 0.013118792335867937, 0.01082769111718351, 0.010469391488801503, 0.01089509259540005, 0.010042794064565007, 0.011578088834278322, 0.011808661155606455, 0.01036832134439817, 0.010555539941985537, 0.010526047439416764, 0.011697313508439548, 0.011259968659775887], "id-loss": [2.645061503103635, 0.604724549074642, 0.36879230973251753, 0.260759978112772, 0.2003755993660182, 0.16175501464969066, 0.13031412180847157, 0.11250871861827408, 0.09669506058906067, 0.0850993491609368, 0.07677885563783655, 0.06914376137416985, 0.06376034467341309, 0.057441332581443814, 0.05550128082586646, 0.052163028882811734, 0.04899657705405725, 0.04546649009279195, 0.044640323157195745, 0.041511292432911226, 0.038973533987683925, 0.03993857467174252, 0.036825320512718945, 0.03537442293403862, 0.03336356379759312, 0.03389541099703304, 0.03119824909639496, 0.03084591777555426, 0.031257211409561385, 0.030480514213945965, 0.012673248441248331, 0.005545848397837771, 0.004238919235850428, 0.00211528252909579, 0.0018970373039919862, 0.0014593466313051445, 0.0022970836684074194, 0.002114465398867206, 0.0021587089977567, 0.0016288913163670234, 0.0007857891912469179, 0.0008296530888207943, 0.0010508339299794074, 0.0011293481537860575, 0.0010302209654501364, 0.0006509848073235512, 0.000949124966168524, 0.0011933221934727022, 0.0014932575734621974, 0.0008248773428690707], "triplet-loss": [0.08268069715425842, 0.021569673313957746, 0.015129429083153099, 0.012968284946785298, 0.01107144341680772, 0.013016681694443259, 0.012099817048518684, 0.01133478994083134, 0.010533809348997222, 0.011025525035728873, 0.009913680853714408, 0.010075819155983486, 0.009367469869187621, 0.009650652764498962, 0.009878364941023036, 0.01014953412463205, 0.010314386926149811, 0.008874216875881144, 0.008733891671309706, 0.00978408188266682, 0.009089412534560111, 0.0085358550736838, 0.00844472715205984, 0.008193026954709807, 0.009671717659484543, 0.00937185624395914, 0.008548843523330076, 0.009397576029634416, 0.008328998328420283, 0.008712060007291363, 0.008086508755838736, 0.007588060286652395, 0.006515981184616966, 0.007655867112126356, 0.006705311083553117, 0.007339016185582511, 0.007266283212852057, 0.0073234154778200325, 0.006921276934961653, 0.005377083615614817, 0.006068876655337789, 0.006497770674705205, 0.0055259595142412, 0.006584698443793108, 0.006876918469634363, 0.006176806088128276, 0.006080868228574719, 0.005729831211165552, 0.0065602564298715745, 0.0067961785834268545], "center-loss": [0.032085471739332745, 0.003616504140537641, 0.0032010353612673143, 0.0035482093140449577, 0.004170327898050363, 0.004376058721647925, 0.004340708018226615, 0.00418341136427573, 0.0043494022622440846, 0.004118596137031381, 0.004122847822240982, 0.004314656690803761, 0.004291627541526331, 0.004158598650606527, 0.004650612771788537, 0.004545472498523209, 0.004700430289215777, 0.004337487602048562, 0.004527153676878696, 0.004683558092357751, 0.004625198435592366, 0.004617724336013885, 0.004898404325625752, 0.004764097137751016, 0.00529343250581512, 0.005097646390579401, 0.004925577677463015, 0.004830319947486921, 0.004852355288071229, 0.004804379407837306, 0.005092821126499285, 0.005091082346852438, 0.004641183727494048, 0.004635391249714835, 0.004238325358985912, 0.004534347446729026, 0.004334824798678748, 0.004212644550980751, 0.004038806434875339, 0.0038217162092465586, 0.0036147256931149097, 0.003567668859881976, 0.003466000660627371, 0.0038640422576044988, 0.003901521765165563, 0.0035405304951594456, 0.0035255468104800685, 0.003602894033667365, 0.0036437996044247187, 0.0036389127735896765], "mAP": [0.48463720512390135, 0.5711431128184, 0.6049210386276245, 0.6042348219553629, 0.6243754978179932, 0.6036568771998088, 0.6375320110321044, 0.6378993314107259, 0.6451008955637614, 0.6286260792414348, 0.6314163748423258, 0.6426657864252726, 0.6290141264597575, 0.64205828444163, 0.6472734664281209, 0.6557554562886556, 0.659596310933431, 0.6602874736785889, 0.6705695276260376, 0.6674837601979574, 0.6693605108261108, 0.6726745001475016, 0.6729653530120849, 0.6739067719777425, 0.6739745426177979, 0.668772367477417], "mINP": [0.09844676045576731, 0.14548698902130128, 0.16587551474571227, 0.16368749781449635, 0.17384533484776815, 0.16689882838726045, 0.1838488663037618, 0.18536544354756673, 0.19380060291290283, 0.17673641641934712, 0.17900018334388734, 0.19011740883191428, 0.17787764310836793, 0.1845505051612854, 0.18711830441157024, 0.195448371609052, 0.19935707195599875, 0.19729633371035257, 0.20935513099034628, 0.20732128381729126, 0.20537795170148213, 0.20736132510503133, 0.20860797055562338, 0.21162775691350302, 0.206135258436203, 0.20551819483439127], "rank-1": [0.834, 0.8833333333333333, 0.9056666666666666, 0.8976666666666666, 0.9093333333333333, 0.9033333333333333, 0.9163333333333333, 0.9173333333333333, 0.9106666666666666, 0.9113333333333333, 0.9093333333333333, 0.918, 0.9093333333333333, 0.9153333333333333, 0.9193333333333333, 0.9246666666666666, 0.9223333333333333, 0.925, 0.9236666666666666, 0.9253333333333333, 0.9236666666666666, 0.9286666666666666, 0.9283333333333333, 0.9213333333333333, 0.9296666666666666, 0.9233333333333333], "rank-2": [0.8753333333333333, 0.9073333333333333, 0.9276666666666666, 0.923, 0.9316666666666666, 0.9253333333333333, 0.936, 0.935, 0.9353333333333333, 0.934, 0.9276666666666666, 0.9366666666666666, 0.935, 0.937, 0.9363333333333334, 0.9426666666666667, 0.943, 0.9443333333333334, 0.9443333333333334, 0.947, 0.944, 0.9466666666666667, 0.9453333333333334, 0.946, 0.9453333333333334, 0.9446666666666667], "rank-5": [0.9083333333333333, 0.9316666666666666, 0.9466666666666667, 0.9426666666666667, 0.95, 0.949, 0.9556666666666667, 0.9566666666666667, 0.9586666666666667, 0.9533333333333334, 0.9526666666666667, 0.9573333333333334, 0.9536666666666667, 0.9556666666666667, 0.9566666666666667, 0.959, 0.961, 0.9623333333333334, 0.963, 0.9636666666666667, 0.9626666666666667, 0.964, 0.9626666666666667, 0.9633333333333334, 0.9626666666666667, 0.9653333333333334], "rank-10": [0.9273333333333333, 0.9483333333333334, 0.9646666666666667, 0.9576666666666667, 0.964, 0.963, 0.9686666666666667, 0.9666666666666667, 0.9703333333333334, 0.9656666666666667, 0.964, 0.9696666666666667, 0.9686666666666667, 0.9686666666666667, 0.9696666666666667, 0.971, 0.9723333333333334, 0.973, 0.97, 0.9723333333333334, 0.972, 0.9726666666666667, 0.9726666666666667, 0.9743333333333334, 0.971, 0.975], "rank-15": [0.9403333333333334, 0.9543333333333334, 0.9703333333333334, 0.9683333333333334, 0.9713333333333334, 0.9703333333333334, 0.974, 0.9733333333333334, 0.9756666666666667, 0.971, 0.969, 0.976, 0.9736666666666667, 0.974, 0.975, 0.9763333333333334, 0.9773333333333334, 0.9766666666666667, 0.9776666666666667, 0.9756666666666667, 0.9796666666666667, 0.9766666666666667, 0.9786666666666667, 0.9786666666666667, 0.9786666666666667, 0.9803333333333333],