{"total-loss": [2.5246296762476104, 0.9285515088157857, 0.6918110727738109, 0.5711276971658048, 0.4898982624194647, 0.43581870178120136, 0.388655116006619, 0.35146183504180833, 0.3195399526435118, 0.29509953841579417, 0.27478068814088547, 0.25439171881797307, 0.23988071329051464, 0.22442067633469254, 0.2135595800985434], "id-loss": [2.441431744615259, 0.8765430340506969, 0.6449940724752149, 0.5263122627344642, 0.4485299450503631, 0.39305339832526554, 0.3481790524489731, 0.3126918019276727, 0.2809949862631061, 0.256848393993694, 0.23615826901859674, 0.2176572325022186, 0.20319434112820545, 0.18792660576214415, 0.17635528376858023], "triplet-loss": [0.07757475913914849, 0.047701048881958474, 0.041568571410953194, 0.03894405587732798, 0.03522747702570765, 0.03591921456329998, 0.0334113096006625, 0.03145917762096682, 0.0308114405460982, 0.03023064996764743, 0.03036947753127019, 0.028467437026606767, 0.02824742269125484, 0.027929788299235127, 0.02832296432665157], "center-loss": [0.00562317309965031, 0.004307425943502617, 0.005248429028359214, 0.005871378747380661, 0.006140840359289787, 0.006846089005365597, 0.007064754035718649, 0.0073108555883184025, 0.007733525900866507, 0.008020494499479582, 0.00825294165965518, 0.008267049443594274, 0.008438949593914235, 0.008564282394546126, 0.008881332057122653], "mAP": [0.39280586401621503, 0.42749705028533935, 0.4385845063527425, 0.44566446590423586, 0.44278459453582764, 0.444607094446818, 0.44525040849049885, 0.4462633091608683], "mINP": [0.04715168585876624, 0.06291444681088129, 0.06832704475522042, 0.07104810667037964, 0.07040578951438269, 0.0701438955962658, 0.0695200364391009, 0.06645469022790591], "rank-1": [0.8406666666666667, 0.87, 0.8813333333333333, 0.8806666666666667, 0.875, 0.8813333333333333, 0.8776666666666667, 0.8823333333333333], "rank-2": [0.865, 0.8873333333333333, 0.9003333333333333, 0.902, 0.898, 0.903, 0.9043333333333333, 0.9053333333333333], "rank-5": [0.8953333333333333, 0.9106666666666666, 0.9256666666666666, 0.924, 0.9206666666666666, 0.9273333333333333, 0.9266666666666666, 0.928], "rank-10": [0.914, 0.9253333333333333, 0.94, 0.94, 0.94, 0.9413333333333334, 0.9453333333333334, 0.941], "rank-15": [0.9246666666666666, 0.9356666666666666, 0.9456666666666667, 0.9476666666666667, 0.948, 0.9503333333333334, 0.9513333333333334, 0.9473333333333334], "rank-20": [0.9293333333333333, 0.9403333333333334, 0.9506666666666667, 0.9523333333333334, 0.9556666666666667, 0.9543333333333334, 0.955, 0.9523333333333334]}